Rank;Player name;Position;Age;Team;Games played;Minutes played per game;Field goals per game;Field goal attempts per game;3-point field goals per game;3-point field goal attempts per game;2-point field goals per game;2-point field goal attempts per game;Free throws per game;Free throw attempts per game;Total rebounds per game;Assists per game;Steals per game;Blocks per game;Turnovers per game;Personal fouls per game;Points per game
1;Precious Achiuwa;C;22;TOR;73;23.6;3.6;8.3;0.8;2.1;2.9;6.1;1.1;1.8;6.5;1.1;0.5;0.6;1.2;2.1;9.1
2;Steven Adams;C;28;MEM;76;26.3;2.8;5.1;0;0;2.8;5;1.4;2.6;10;3.4;0.9;0.8;1.5;2;6.9
3;Bam Adebayo;C;24;MIA;56;32.6;7.3;13;0;0.1;7.3;12.9;4.6;6.1;10.1;3.4;1.4;0.8;2.6;3.1;19.1
4;Santi Aldama;PF;21;MEM;32;11.3;1.7;4.1;0.2;1.5;1.5;2.6;0.6;1;2.7;0.7;0.2;0.3;0.5;1.1;4.1
5;LaMarcus Aldridge;C;36;BRK;47;22.3;5.4;9.7;0.3;1;5.1;8.8;1.9;2.2;5.5;0.9;0.3;1;0.9;1.7;12.9
6;Nickeil Alexander-Walker;SG;23;TOT;65;22.6;3.9;10.5;1.6;5.2;2.3;5.3;1.2;1.7;2.9;2.4;0.7;0.4;1.4;1.6;10.6
6;Nickeil Alexander-Walker;SG;23;NOP;50;26.3;4.7;12.6;1.9;6.1;2.8;6.5;1.4;1.9;3.3;2.8;0.8;0.4;1.7;1.8;12.8
6;Nickeil Alexander-Walker;SG;23;UTA;15;9.9;1.1;3.2;0.7;2.2;0.4;1;0.7;0.8;1.5;1.1;0.3;0.3;0.5;1;3.5
7;Grayson Allen;SG;26;MIL;66;27.3;3.9;8.6;2.4;5.9;1.5;2.7;1;1.1;3.4;1.5;0.7;0.3;0.7;1.5;11.1
8;Jarrett Allen;C;23;CLE;56;32.3;6.6;9.7;0;0.2;6.6;9.6;2.9;4.2;10.8;1.6;0.8;1.3;1.7;1.7;16.1
9;Jose Alvarado;PG;23;NOP;54;15.4;2.4;5.4;0.6;2;1.8;3.4;0.7;1;1.9;2.8;1.3;0.1;0.7;1.4;6.1
10;Justin Anderson;SF;28;TOT;16;19.8;2.3;5.9;0.9;3.7;1.3;2.3;0.9;1.2;2.9;2.1;0.5;0.4;0.5;1.4;6.4
10;Justin Anderson;SF;28;CLE;3;15.7;1.3;2.7;0.7;2;0.7;0.7;1;1.3;2;2;0.3;0;0.7;1.3;4.3
10;Justin Anderson;SF;28;IND;13;20.7;2.5;6.7;1;4.1;1.5;2.6;0.9;1.2;3.1;2.1;0.5;0.5;0.5;1.4;6.8
11;Kyle Anderson;PF;28;MEM;69;21.5;3;6.8;0.5;1.6;2.5;5.2;1;1.5;5.3;2.7;1.1;0.7;1;1.6;7.6
12;Giannis Antetokounmpo;PF;27;MIL;67;32.9;10.3;18.6;1.1;3.6;9.2;15;8.3;11.4;11.6;5.8;1.1;1.4;3.3;3.2;29.9
13;Thanasis Antetokounmpo;SF;29;MIL;48;9.9;1.5;2.7;0;0.3;1.4;2.4;0.6;1;2.1;0.5;0.3;0.3;0.5;1.4;3.6
14;Carmelo Anthony;PF;37;LAL;69;26;4.6;10.5;2.2;5.8;2.5;4.7;1.9;2.3;4.2;1;0.7;0.8;0.9;2.4;13.3
15;Cole Anthony;PG;21;ORL;65;31.7;5.5;14;2;6;3.5;8;3.3;3.9;5.4;5.7;0.7;0.3;2.6;2.6;16.3
16;OG Anunoby;SF;24;TOR;48;36;6.4;14.5;2.4;6.6;4;7.9;1.9;2.5;5.5;2.6;1.5;0.5;1.7;2.7;17.1
17;Ryan Arcidiacono;PG;27;NYK;10;7.6;0.6;1.2;0.4;0.9;0.2;0.3;0;0;0.8;0.4;0.1;0;0.3;0.5;1.6
18;Trevor Ariza;SF;36;LAL;24;19.3;1.4;4.1;0.8;3.1;0.5;1;0.4;0.8;3.4;1.1;0.5;0.3;0.5;0.8;4
19;D.J. Augustin;PG;34;TOT;55;16.1;1.7;4;1.2;3;0.5;1.1;0.7;0.8;1.2;1.9;0.3;0;1;0.7;5.3
19;D.J. Augustin;PG;34;HOU;34;15;1.6;4;1.1;2.8;0.5;1.2;1;1.1;1.2;2.2;0.3;0;1.3;0.5;5.4
19;D.J. Augustin;PG;34;LAL;21;17.8;1.9;4.1;1.4;3.2;0.5;0.9;0.2;0.2;1.3;1.6;0.3;0;0.5;1;5.3
20;Deni Avdija;SF;21;WAS;82;24.2;3;7.1;1;3.2;2;3.9;1.3;1.7;5.2;2;0.7;0.5;1.1;2.3;8.4
21;Joel Ayayi;SG;21;WAS;7;2.9;0.1;0.9;0;0.1;0.1;0.7;0;0;0.4;0.6;0;0;0;0;0.3
22;Deandre Ayton;C;23;PHO;58;29.5;7.6;12;0.1;0.3;7.5;11.7;1.8;2.4;10.2;1.4;0.7;0.7;1.6;2.4;17.2
23;Udoka Azubuike;C;22;UTA;17;11.5;2.2;2.9;0;0;2.2;2.9;0.4;0.6;4.2;0;0.1;0.6;0.7;1.5;4.7
24;Marvin Bagley III;PF;22;TOT;48;23.9;4.7;9.3;0.5;2;4.2;7.3;1.4;2.1;7;0.8;0.5;0.4;0.8;1.9;11.3
24;Marvin Bagley III;PF;22;SAC;30;21.9;3.8;8.2;0.5;2.1;3.3;6.1;1.2;1.6;7.2;0.6;0.3;0.4;0.7;1.7;9.3
24;Marvin Bagley III;PF;22;DET;18;27.2;6.2;11.1;0.4;1.9;5.7;9.2;1.8;3;6.8;1.1;0.7;0.4;1;2.4;14.6
25;LaMelo Ball;PG;20;CHO;75;32.3;7.2;16.7;2.9;7.5;4.2;9.2;2.8;3.2;6.7;7.6;1.6;0.4;3.3;3.2;20.1
26;Lonzo Ball;PG;24;CHI;35;34.6;4.6;10.9;3.1;7.4;1.5;3.5;0.6;0.8;5.4;5.1;1.8;0.9;2.3;2.4;13
27;Mo Bamba;C;23;ORL;71;25.7;4.2;8.7;1.5;4;2.7;4.7;0.8;1;8.1;1.2;0.5;1.7;1.1;2.6;10.6
28;Desmond Bane;SF;23;MEM;76;29.8;6.7;14.5;3;6.9;3.7;7.6;1.8;2;4.4;2.7;1.2;0.4;1.5;2.6;18.2
29;Dalano Banton;SF;22;TOR;64;10.9;1.3;3.2;0.2;0.8;1.1;2.4;0.4;0.7;1.9;1.5;0.4;0.2;0.8;1.1;3.2
30;Cat Barber;PG;27;ATL;3;4.3;0;1.3;0;0;0;1.3;0;1.3;1;1;0;0;0.3;0.3;0
31;Harrison Barnes;PF;29;SAC;77;33.6;5.1;10.8;1.8;4.7;3.2;6.2;4.4;5.4;5.6;2.4;0.7;0.2;1.5;1.2;16.4
32;Scottie Barnes;PF;20;TOR;74;35.4;6.2;12.6;0.8;2.6;5.4;10;2.1;2.9;7.5;3.5;1.1;0.7;1.8;2.6;15.3
33;RJ Barrett;SF;21;NYK;70;34.5;7;17.1;2;5.8;5;11.3;4.1;5.8;5.8;3;0.6;0.2;2.2;2;20
34;Will Barton;SG;31;DEN;71;32.1;5.5;12.6;2.2;6.1;3.3;6.6;1.4;1.8;4.8;3.9;0.8;0.4;1.8;1.6;14.7
35;Paris Bass;SF;26;PHO;2;3.5;1;3;0;1;1;2;1;1;2;0;0.5;0;1;1;3
36;Charles Bassey;PF;21;PHI;23;7.3;1.3;2;0;0.2;1.3;1.9;0.4;0.5;2.7;0.3;0.2;0.7;0.3;1.4;3
37;Keita Bates-Diop;SF;26;SAS;59;16.2;2.3;4.5;0.3;0.9;2;3.5;0.8;1;3.9;0.7;0.5;0.2;0.8;1;5.7
38;Nicolas Batum;PF;33;LAC;59;24.8;3;6.6;1.8;4.6;1.2;2;0.4;0.6;4.3;1.7;1;0.7;0.7;1.4;8.3
39;Kent Bazemore;SF;32;LAL;39;14;1.2;3.6;0.7;2.1;0.4;1.5;0.3;0.4;1.8;0.9;0.6;0.2;0.5;1.8;3.4
40;Darius Bazley;PF;21;OKC;69;27.9;4;9.4;1.2;3.9;2.8;5.5;1.7;2.5;6.3;1.4;0.8;1;1.3;1;10.8
41;Bradley Beal;SG;28;WAS;40;36;8.7;19.3;1.6;5.3;7.1;14;4.2;5.1;4.7;6.6;0.9;0.4;3.4;2.4;23.2
42;Malik Beasley;SG;25;MIN;79;25;4.2;10.8;3;8.1;1.2;2.7;0.6;0.8;2.9;1.5;0.5;0.2;0.5;1.1;12.1
43;Jordan Bell;C;27;CHI;1;2;0;0;0;0;0;0;0;0;1;0;1;0;0;2;0
44;DeAndre' Bembry;SF;27;TOT;56;18.3;2.2;3.9;0.3;0.6;1.9;3.3;0.4;0.6;2.9;1.2;0.9;0.4;0.6;2;5.1
44;DeAndre' Bembry;SF;27;BRK;48;19.8;2.5;4.4;0.3;0.8;2.2;3.7;0.4;0.7;3.2;1.3;1;0.5;0.6;2.2;5.8
44;DeAndre' Bembry;SF;27;MIL;8;9.6;0.4;1;0;0;0.4;1;0;0;1.4;0.8;0.3;0;0.1;1.1;0.8
45;D?vis Bert?ns;PF;29;TOT;56;14.4;1.8;4.9;1.4;4.1;0.4;0.8;0.6;0.7;2.1;0.6;0.3;0.2;0.3;1.5;5.6
45;D?vis Bert?ns;PF;29;WAS;34;14.7;1.8;5;1.4;4.2;0.4;0.8;0.8;0.9;1.8;0.5;0.3;0.2;0.4;1.6;5.7
45;D?vis Bert?ns;PF;29;DAL;22;13.9;1.8;4.7;1.4;3.9;0.4;0.8;0.4;0.5;2.5;0.7;0.3;0.3;0.2;1.4;5.3
46;Patrick Beverley;PG;33;MIN;58;25.4;3.1;7.5;1.4;4.2;1.6;3.3;1.7;2.3;4.1;4.6;1.2;0.9;1.3;3;9.2
47;Saddiq Bey;SF;22;DET;82;33;5.5;13.9;2.6;7.4;2.9;6.4;2.6;3.1;5.4;2.8;0.9;0.2;1.2;1.6;16.1
48;Khem Birch;C;29;TOR;55;18;1.8;3.6;0;0.3;1.8;3.4;1;1.3;4.3;1;0.5;0.5;0.5;1.9;4.5
49;Goga Bitadze;C;22;IND;50;14.6;2.6;5;0.5;1.6;2.2;3.4;1.3;1.9;3.5;1.1;0.4;0.8;0.9;2.1;7
50;Bismack Biyombo;C;29;PHO;36;14.1;2.4;4;0;0;2.4;4;1.1;2;4.6;0.6;0.3;0.7;0.7;1.9;5.8
51;Nemanja Bjelica;C;33;GSW;71;16.1;2.3;4.8;0.8;2.1;1.5;2.7;0.8;1.1;4.1;2.2;0.6;0.4;1.2;1.8;6.1
52;Eric Bledsoe;PG;32;LAC;54;25.2;3.6;8.7;0.9;3;2.7;5.6;1.6;2.2;3.4;4.2;1.3;0.4;2.1;1.6;9.9
53;Keljin Blevins;SF;26;POR;31;11.3;1.1;3.6;0.7;2.3;0.4;1.3;0.2;0.4;1.5;0.6;0.4;0;0.5;0.9;3.1
54;Bogdan Bogdanovi?;SG;29;ATL;63;29.3;5.4;12.6;2.7;7.3;2.7;5.3;1.5;1.8;4;3.1;1.1;0.2;1.1;2.1;15.1
55;Bojan Bogdanovi?;PF;32;UTA;69;30.9;6.1;13.4;2.6;6.8;3.5;6.7;3.2;3.8;4.3;1.7;0.5;0;1.7;1.7;18.1
56;Bol Bol;PF;22;DEN;14;5.8;1.1;1.9;0.1;0.3;1;1.6;0.1;0.4;1.4;0.4;0.1;0.1;0.3;0.3;2.4
57;Leandro Bolmaro;SF;21;MIN;35;6.9;0.5;1.5;0.1;0.5;0.3;1;0.3;0.4;1.2;0.6;0.2;0;0.4;0.7;1.4
58;Isaac Bonga;SF;22;TOR;15;4.6;0.2;0.9;0.1;0.3;0.1;0.6;0.3;0.5;0.5;0.3;0.5;0.1;0.1;0.7;0.8
59;Devin Booker;SG;25;PHO;68;34.5;9.7;20.9;2.7;7;7;13.9;4.6;5.3;5;4.8;1.1;0.4;2.4;2.6;26.8
60;Brandon Boston Jr.;SG;20;LAC;51;14.9;2.5;6.4;0.7;2.2;1.8;4.2;1.2;1.4;2.2;1;0.5;0.3;0.6;0.8;6.7
61;Chris Boucher;PF;29;TOR;80;21.1;3.4;7.2;0.9;2.9;2.5;4.4;1.9;2.4;6.2;0.3;0.6;0.9;0.5;2.2;9.4
62;James Bouknight;SG;21;CHO;31;9.8;1.6;4.5;0.5;1.6;1;3;0.9;1;1.7;0.8;0.2;0;0.5;0.9;4.6
63;Avery Bradley;SG;31;LAL;62;22.7;2.4;5.6;1.3;3.4;1.1;2.3;0.3;0.3;2.2;0.8;0.9;0.1;0.6;1.9;6.4
64;Tony Bradley;C;24;CHI;55;10;1.3;2.2;0;0;1.3;2.2;0.3;0.5;3.4;0.5;0.2;0.6;0.6;1.1;3
65;Ignas Brazdeikis;SF;23;ORL;42;12.8;1.9;4.5;0.6;2.1;1.3;2.4;0.5;0.8;1.7;0.9;0.2;0.1;0.4;1.1;5
66;Mikal Bridges;SF;25;PHO;82;34.8;5.6;10.5;1.4;3.8;4.2;6.7;1.6;1.9;4.2;2.3;1.2;0.4;0.8;1.8;14.2
67;Miles Bridges;PF;23;CHO;80;35.5;7.5;15.2;1.9;5.8;5.5;9.4;3.3;4.2;7;3.8;0.9;0.8;1.9;2.4;20.2
68;Oshae Brissett;SF;23;IND;67;23.3;3.1;7.6;1.2;3.5;1.9;4;1.7;2.4;5.3;1.1;0.7;0.4;0.8;1.7;9.1
69;Malcolm Brogdon;PG;29;IND;36;33.5;6.8;15.1;1.6;5.2;5.1;9.9;4;4.6;5.1;5.9;0.8;0.4;2.1;2;19.1
70;Armoni Brooks;SG-PG;23;TOT;54;15.6;1.8;5.4;1.4;4.6;0.4;0.7;0.3;0.4;1.9;1.1;0.5;0.2;0.5;1.4;5.3
70;Armoni Brooks;SG;23;HOU;41;16.8;2.1;6.1;1.6;5.2;0.6;0.9;0.4;0.5;2;1.2;0.5;0.2;0.6;1.5;6.2
70;Armoni Brooks;PG;23;TOR;13;11.8;0.8;2.9;0.8;2.8;0.1;0.2;0.2;0.2;1.7;1;0.5;0.2;0.3;1.1;2.6
71;Dillon Brooks;SF;26;MEM;32;27.7;7.1;16.4;1.4;4.7;5.7;11.8;2.8;3.3;3.2;2.8;1.1;0.3;1.6;3.3;18.4
72;Bruce Brown;SF;25;BRK;72;24.6;3.6;7;0.5;1.3;3;5.7;1.3;1.8;4.8;2.1;1.1;0.7;0.8;2.4;9
73;Charlie Brown Jr.;SG;24;TOT;22;8;0.5;1.8;0;0.5;0.4;1.2;0.4;0.5;1.5;0.3;0.5;0.2;0.2;0.8;1.4
73;Charlie Brown Jr.;SG;24;DAL;3;5;0.3;1.7;0;1;0.3;0.7;0;0;0.3;0.3;0.7;0.3;0;0.7;0.7
73;Charlie Brown Jr.;SG;24;PHI;19;8.5;0.5;1.8;0.1;0.5;0.4;1.3;0.5;0.5;1.6;0.3;0.4;0.2;0.3;0.8;1.5
74;Chaundee Brown Jr.;SG-SF;23;TOT;5;20.8;2;6.4;1.2;3.6;0.8;2.8;1;1.2;3.2;0.8;0.4;0;0.2;1.4;6.2
74;Chaundee Brown Jr.;SF;23;LAL;2;10.5;0.5;3.5;0;1.5;0.5;2;0;0;1;0;0;0;0.5;0;1
74;Chaundee Brown Jr.;SG;23;ATL;3;27.7;3;8.3;2;5;1;3.3;1.7;2;4.7;1.3;0.7;0;0;2.3;9.7
75;Greg Brown III;SF;20;POR;48;13.3;1.7;4;0.4;1.3;1.3;2.7;0.9;1.4;2.8;0.7;0.5;0.5;0.8;1.9;4.7
76;Jaylen Brown;SF;25;BOS;66;33.6;8.7;18.4;2.5;7;6.2;11.4;3.7;4.8;6.1;3.5;1.1;0.3;2.7;2.5;23.6
77;Moses Brown;C;22;TOT;40;8.6;1.6;2.7;0;0;1.6;2.7;1.1;1.8;3.4;0;0.2;0.4;0.5;1.3;4.3
77;Moses Brown;C;22;DAL;26;6.5;1;1.9;0;0;1;1.9;1;1.7;2.3;0;0.1;0.3;0.5;1.1;3.1
77;Moses Brown;C;22;CLE;14;12.6;2.6;4.1;0;0;2.6;4.1;1.1;2.1;5.3;0;0.3;0.5;0.4;1.8;6.4
78;Sterling Brown;SG;26;DAL;49;12.8;1.2;3.2;0.6;1.9;0.6;1.3;0.3;0.3;3;0.7;0.3;0.1;0.5;1.1;3.3
79;Troy Brown Jr.;SF;22;CHI;66;16;1.6;3.9;0.7;2;0.9;1.9;0.3;0.4;3.1;1;0.5;0.1;0.4;0.9;4.3
80;Jalen Brunson;PG;25;DAL;79;31.9;6.4;12.8;1.2;3.2;5.2;9.6;2.3;2.7;3.9;4.8;0.8;0;1.6;1.9;16.3
81;Thomas Bryant;C;24;WAS;27;16.3;2.9;5.5;0.4;1.6;2.4;3.9;1.3;1.5;4;0.9;0.2;0.8;0.7;1.6;7.4
82;Shaq Buchanan;PG;25;MEM;2;5;0.5;2;0;1;0.5;1;0;0;1;1;0.5;0;1;0.5;1
83;Reggie Bullock;SF;30;DAL;68;28;3;7.4;2.1;5.8;0.9;1.6;0.6;0.7;3.5;1.2;0.6;0.2;0.6;1.6;8.6
84;Trey Burke;PG;29;DAL;42;10.5;2;5.1;0.6;2;1.4;3.2;0.5;0.5;0.8;1.4;0.3;0;0.6;0.9;5.1
85;Alec Burks;SG;30;NYK;81;28.6;3.5;9;1.9;4.8;1.6;4.2;2.7;3.3;4.9;3;1;0.3;1.1;2.7;11.7
86;Jared Butler;SG;21;UTA;42;8.6;1.5;3.6;0.7;2.1;0.8;1.5;0.3;0.4;1.1;1.5;0.4;0.2;0.8;1.1;3.8
87;Jimmy Butler;SF;32;MIA;57;33.9;7;14.5;0.5;2;6.5;12.5;6.9;8;5.9;5.5;1.6;0.5;2.1;1.5;21.4
88;Devontae Cacok;PF;25;SAS;15;8.1;1.4;2.1;0;0;1.4;2.1;0.3;0.5;2.8;0.4;0.5;0.5;0.2;1.1;3.1
89;Kentavious Caldwell-Pope;SG;28;WAS;77;30.2;4.7;10.8;2.1;5.3;2.6;5.5;1.8;2;3.4;1.9;1.1;0.3;1.3;1.8;13.2
90;Facundo Campazzo;PG;30;DEN;65;18.2;1.6;4.6;0.9;3;0.8;1.6;0.9;1.2;1.8;3.4;1;0.4;1;1.9;5.1
91;Vlatko ?an?ar;PF;24;DEN;15;11.7;1.5;2.7;0.5;0.8;1.1;1.9;0.6;0.9;2.1;1.1;0.1;0.2;0.6;1.2;4.1
92;Devin Cannady;PG;25;ORL;5;29;3;8.8;3;7.4;0;1.4;1;1.4;1.2;2;1;0.6;1;1.8;10
93;Clint Capela;C;27;ATL;74;27.6;5;8.2;0;0;5;8.1;1.1;2.3;11.9;1.2;0.7;1.3;0.6;2.2;11.1
94;Vernon Carey Jr.;C;20;TOT;7;6.3;1;1.9;0;0;1;1.9;0.9;1.9;1.7;0;0.3;0.1;0.4;0.6;2.9
94;Vernon Carey Jr.;C;20;CHO;4;4.3;0.8;1.5;0;0;0.8;1.5;0.5;0.8;1.3;0;0.3;0;0.3;0.3;2
94;Vernon Carey Jr.;C;20;WAS;3;9;1.3;2.3;0;0;1.3;2.3;1.3;3.3;2.3;0;0.3;0.3;0.7;1;4
95;Jevon Carter;PG;26;TOT;66;13.7;1.5;3.8;1;2.6;0.5;1.3;0.2;0.3;1.7;1.5;0.4;0.2;0.5;1;4.2
95;Jevon Carter;PG;26;BRK;46;12;1.3;3.8;0.9;2.8;0.3;1;0.2;0.2;1.5;1;0.3;0.2;0.6;1;3.6
95;Jevon Carter;PG;26;MIL;20;17.7;2;4;1.2;2.2;0.8;1.8;0.4;0.4;2.2;2.5;0.5;0.2;0.4;1.1;5.6
96;Wendell Carter Jr.;C;22;ORL;62;29.9;5.8;11;1.1;3.5;4.7;7.6;2.3;3.3;10.5;2.8;0.6;0.7;1.9;2.7;15
97;Alex Caruso;SG;27;CHI;41;28;2.5;6.2;1;3.1;1.5;3.2;1.4;1.8;3.6;4;1.7;0.4;1.4;2.6;7.4
98;Willie Cauley-Stein;C;28;TOT;20;9.2;0.8;1.8;0.1;0.1;0.8;1.7;0.1;0.1;2;0.5;0.3;0.2;0.4;1;1.7
98;Willie Cauley-Stein;C;28;DAL;18;9.8;0.9;1.9;0.1;0.1;0.8;1.8;0.1;0.1;2.1;0.5;0.3;0.2;0.4;0.9;1.9
98;Willie Cauley-Stein;C;28;PHI;2;3;0;0;0;0;0;0;0;0;1;0.5;0;0;0;1;0
99;Ahmad Caver;PG;25;IND;1;1;1;1;0;0;1;1;0;0;0;0;0;0;0;0;2
100;Justin Champagnie;SF;20;TOR;36;7.8;0.9;1.9;0.3;0.8;0.6;1.1;0.3;0.3;2;0.3;0.2;0.1;0.2;0.9;2.3
101;Zylan Cheatham;SF;26;UTA;1;5;0;3;0;2;0;1;0;0;0;0;0;0;0;0;0
102;Chris Chiozza;PG;26;GSW;34;10.9;0.7;2.4;0.5;1.6;0.2;0.8;0.1;0.1;1.1;1.9;0.4;0;0.9;0.9;2
103;Marquese Chriss;PF;24;DAL;34;10.2;1.8;3.9;0.2;0.7;1.6;3.2;0.6;1;3;0.5;0.4;0.4;0.5;1.9;4.5
104;Josh Christopher;SG;20;HOU;74;18;3;6.8;0.8;2.6;2.3;4.2;1.1;1.5;2.5;2;0.9;0.2;1.5;1.3;7.9
105;Gary Clark;PF;27;NOP;38;9.9;0.9;2.3;0.7;1.8;0.1;0.5;0.2;0.3;2.4;0.5;0.3;0.2;0.3;0.5;2.7
106;Brandon Clarke;PF;25;MEM;64;19.5;4.5;7;0.1;0.3;4.4;6.6;1.3;2;5.3;1.3;0.6;1.1;0.5;1.9;10.4
107;Jordan Clarkson;SG;29;UTA;79;27.1;5.9;14.1;2.4;7.6;3.5;6.5;1.8;2.2;3.5;2.5;0.8;0.2;1.6;1.9;16
108;Nic Claxton;C;22;BRK;47;20.7;3.8;5.6;0;0;3.8;5.6;1.1;2;5.6;0.9;0.5;1.1;0.8;2.3;8.7
109;Amir Coffey;SG;24;LAC;69;22.7;3.1;6.8;1.4;3.7;1.7;3.1;1.5;1.7;2.9;1.8;0.6;0.2;0.7;1.3;9
110;John Collins;PF;24;ATL;54;30.8;6.3;11.9;1.2;3.3;5.1;8.7;2.5;3.1;7.8;1.8;0.6;1;1.1;3;16.2
111;Zach Collins;PF;24;SAS;28;17.9;2.7;5.5;0.5;1.5;2.2;4.1;1.9;2.3;5.5;2.2;0.5;0.8;1.6;2.4;7.8
112;Darren Collison;PG;34;LAL;3;12.3;0.7;2.3;0;1;0.7;1.3;0;0;1.3;0.7;0.3;0;0.3;1.7;1.3
113;Mike Conley;PG;34;UTA;72;28.6;4.8;11;2.3;5.8;2.4;5.2;1.8;2.3;3;5.3;1.3;0.3;1.7;2;13.7
114;Pat Connaughton;SG;29;MIL;65;26;3.5;7.6;2.2;5.7;1.2;1.9;0.7;0.8;4.2;1.3;0.9;0.2;0.5;1.3;9.9
115;Tyler Cook;PF;24;CHI;20;10;1.2;1.9;0;0;1.2;1.9;1.1;1.6;2.7;0.2;0.2;0.2;0.4;1.4;3.4
116;Sharife Cooper;PG;20;ATL;13;3;0.2;1.1;0.1;0.5;0.2;0.6;0;0;0.4;0.4;0;0;0.4;0.1;0.5
117;Petr Cornelie;PF;26;DEN;13;2.9;0.4;1.2;0.1;0.6;0.3;0.5;0.2;0.3;1.1;0.2;0.1;0.1;0.3;0.5;1.1
118;DeMarcus Cousins;C;31;TOT;48;15;3.1;6.8;0.8;2.5;2.3;4.2;2;2.6;5.6;1.5;0.7;0.4;1.8;2.9;9
118;DeMarcus Cousins;C;31;MIL;17;16.9;3.2;6.9;0.8;2.8;2.5;4.1;1.8;2.2;5.8;1.1;0.9;0.5;0.9;2.7;9.1
118;DeMarcus Cousins;C;31;DEN;31;13.9;3;6.6;0.8;2.4;2.3;4.3;2.1;2.8;5.5;1.7;0.6;0.4;2.2;3;8.9
119;Robert Covington;PF-SF;31;TOT;71;27.3;2.9;7;1.8;4.8;1.1;2.2;0.8;1;5.5;1.3;1.5;1.3;1.1;2.7;8.5
119;Robert Covington;PF;31;POR;48;29.8;2.7;7;1.6;4.8;1;2.2;0.6;0.8;5.7;1.4;1.5;1.3;1.2;2.8;7.6
119;Robert Covington;SF;31;LAC;23;22.1;3.5;7;2.1;4.7;1.4;2.3;1.2;1.4;5.1;1;1.3;1.2;0.7;2.5;10.4
120;Torrey Craig;SF;31;TOT;78;20.5;2.6;5.7;1;3;1.6;2.7;0.5;0.7;4;1.2;0.6;0.5;0.9;1.9;6.6
120;Torrey Craig;SF;31;IND;51;20.3;2.5;5.5;0.9;2.7;1.6;2.8;0.5;0.7;3.8;1.1;0.5;0.4;0.8;1.9;6.5
120;Torrey Craig;SF;31;PHO;27;20.8;2.7;5.9;1.1;3.6;1.5;2.4;0.4;0.6;4.3;1.2;0.8;0.6;1;2.1;6.9
121;Jae Crowder;PF;31;PHO;67;28.1;3.2;8.1;1.9;5.4;1.3;2.7;1.1;1.3;5.3;1.9;1.4;0.4;0.8;2.6;9.4
122;Jarrett Culver;SG;22;MEM;37;9.1;1.4;3.6;0.3;1.3;1.1;2.4;0.4;0.9;1.3;0.9;0.5;0.1;0.5;1.1;3.5
123;Jarron Cumberland;SG;24;POR;3;4;0.3;0.7;0;0.3;0.3;0.3;0;0;1;0.3;0;0;0;0.7;0.7
124;Cade Cunningham;PG;20;DET;64;32.6;6.7;16.1;1.8;5.7;4.9;10.4;2.2;2.6;5.5;5.6;1.2;0.7;3.7;3.1;17.4
125;Seth Curry;SG;31;TOT;64;33.4;5.6;11.5;2.5;5.8;3.2;5.7;1.3;1.5;3.1;3.6;0.8;0.2;1.7;2.3;15
125;Seth Curry;SG;31;PHI;45;34.8;5.7;11.7;2.2;5.6;3.5;6.2;1.4;1.6;3.4;4;0.8;0.2;1.9;2.2;15
125;Seth Curry;SG;31;BRK;19;29.9;5.5;11.1;3.1;6.5;2.4;4.6;0.9;1.1;2.6;2.6;0.9;0.2;1.3;2.5;14.9
126;Stephen Curry;PG;33;GSW;64;34.5;8.4;19.1;4.5;11.7;3.9;7.4;4.3;4.7;5.2;6.3;1.3;0.4;3.2;2;25.5
127;Anthony Davis;C;28;LAL;40;35.1;9.3;17.4;0.3;1.8;8.9;15.6;4.4;6.1;9.9;3.1;1.2;2.3;2.1;2.4;23.2
128;Ed Davis;C;32;CLE;31;6.5;0.4;0.5;0;0;0.4;0.5;0.2;0.5;2.1;0.2;0.1;0.3;0.2;1.1;0.9
129;Terence Davis;SG;24;SAC;30;17.9;3.8;8.9;1.6;5;2.1;3.9;1.2;1.5;3.1;1.3;0.8;0.4;1.1;2.3;10.4
130;Gabriel Deck;PF;26;OKC;7;8;1.1;2;0.3;0.6;0.9;1.4;0;0;0.9;0.7;0.1;0;0.3;0.3;2.6
131;Dewayne Dedmon;C;32;MIA;67;15.9;2.4;4.3;0.3;0.7;2.2;3.6;1.1;1.5;5.8;0.7;0.4;0.6;1;2.6;6.3
132;Sam Dekker;PF;27;TOR;1;1;0;0;0;0;0;0;0;0;0;0;0;0;0;0;0
133;Javin DeLaurier;C;23;MIL;1;3;0;0;0;0;0;0;0;0;1;0;1;0;0;1;0
134;DeMar DeRozan;PF;32;CHI;76;36.1;10.2;20.2;0.7;1.9;9.5;18.3;6.8;7.8;5.2;4.9;0.9;0.3;2.4;2.3;27.9
135;Mamadi Diakite;PF;25;OKC;13;14.5;1.9;3.6;0;0.4;1.9;3.2;0.5;0.8;4.5;0.2;0.4;0.7;0.5;2.5;4.3
136;Cheick Diallo;C;25;DET;3;10.3;1;2.7;0;0;1;2.7;1.7;2;4;0;0.3;0;0.3;2;3.7
137;Hamidou Diallo;SG;23;DET;58;21.9;4.5;9.1;0.4;1.6;4.1;7.5;1.6;2.4;4.8;1.3;1.2;0.3;1;2.5;11
138;Gorgui Dieng;C;32;ATL;44;8.4;1.2;2.5;0.7;1.5;0.5;1;0.4;0.6;2.8;0.8;0.3;0.3;0.5;1.2;3.5
139;Spencer Dinwiddie;PG;28;TOT;67;29.6;4.6;11;1.7;4.9;2.9;6;2.9;3.8;4.2;5.2;0.7;0.2;1.6;2.2;13.7
139;Spencer Dinwiddie;PG;28;WAS;44;30.2;4.2;11.2;1.6;5.1;2.6;6;2.6;3.3;4.7;5.8;0.6;0.2;1.7;2.4;12.6
139;Spencer Dinwiddie;PG;28;DAL;23;28.3;5.3;10.6;1.8;4.5;3.4;6;3.4;4.7;3.1;3.9;0.7;0.3;1.3;1.9;15.8
140;Donte DiVincenzo;SG;25;TOT;42;24;2.8;8;1.8;5.2;1;2.8;1.7;2;4;2.8;1.1;0.2;1.7;1.6;9
140;Donte DiVincenzo;SG;25;MIL;17;20.1;2.3;6.9;1.2;4.4;1.1;2.6;1.4;1.6;3.5;1.7;0.6;0.2;1.6;1.5;7.2
140;Donte DiVincenzo;SG;25;SAC;25;26.6;3.2;8.7;2.1;5.8;1;3;1.9;2.2;4.4;3.6;1.5;0.2;1.8;1.7;10.3
141;Luka Don?i?;PG;22;DAL;65;35.4;9.9;21.6;3.1;8.8;6.8;12.8;5.6;7.5;9.1;8.7;1.2;0.6;4.5;2.2;28.4
142;Luguentz Dort;SF;22;OKC;51;32.6;5.7;14.2;2.5;7.7;3.2;6.6;3.2;3.7;4.2;1.7;0.9;0.4;1.7;2.9;17.2
143;Ayo Dosunmu;SG;22;CHI;77;27.4;3.6;6.9;0.9;2.4;2.7;4.5;0.7;1;2.8;3.3;0.8;0.4;1.4;2.4;8.8
144;Damyean Dotson;SG;27;NYK;2;10.5;1;2;0;0.5;1;1.5;0;0;1;0.5;0;0;0;0;2
145;Devon Dotson;PG;22;CHI;11;7.7;1;2.1;0.2;0.8;0.8;1.3;0.5;0.8;0.8;1.4;0.1;0;0.5;1;2.6
146;Sekou Doumbouya;PF;21;LAL;2;8;2.5;4;0.5;1;2;3;1.5;2;3;0;1.5;1;1;0.5;7
147;Jeff Dowtin;PG;24;TOT;9;12;0.9;2.9;0.1;1;0.8;1.9;0.2;0.2;2;1.1;0.6;0.1;0.6;0.6;2.1
147;Jeff Dowtin;PG;24;GSW;4;7;0.8;1.5;0;0.3;0.8;1.3;0;0;1.8;0.8;0;0.3;0.3;0.5;1.5
147;Jeff Dowtin;PG;24;MIL;1;3;0;1;0;1;0;0;0;0;0;0;0;0;0;0;0
147;Jeff Dowtin;PG;24;ORL;4;19.3;1.3;4.8;0.3;1.8;1;3;0.5;0.5;2.8;1.8;1.3;0;1;0.8;3.3
148;PJ Dozier;SG;25;DEN;18;18.9;2;5.5;0.8;2.7;1.2;2.8;0.6;0.7;3.5;1.6;0.6;0.3;0.7;1.8;5.4
149;Goran Dragi?;PG;35;TOT;21;23.7;2.7;7.2;0.8;3;2;4.2;1.3;1.6;3.1;4.1;0.9;0.2;1.6;2.1;7.5
149;Goran Dragi?;PG;35;TOR;5;18;2.6;6.8;0.8;2.8;1.8;4;2;2;2.8;1.8;1;0.2;0.2;1.6;8
149;Goran Dragi?;PG;35;BRK;16;25.5;2.8;7.3;0.8;3.1;2;4.3;1.1;1.4;3.2;4.8;0.9;0.2;2.1;2.3;7.3
150;Andre Drummond;C;28;TOT;73;19.7;3.4;5.9;0;0;3.4;5.9;1.2;2.2;9.3;1.8;1.1;0.9;1.6;2.6;7.9
150;Andre Drummond;C;28;PHI;49;18.4;2.6;4.9;0;0;2.6;4.8;0.9;1.7;8.8;2;1.1;0.9;1.6;2.5;6.1
150;Andre Drummond;C;28;BRK;24;22.3;5;8.1;0;0;5;8.1;1.8;3.4;10.3;1.4;0.9;1;1.5;3;11.8
151;Chris Duarte;SG;24;IND;55;28;4.9;11.3;1.7;4.6;3.2;6.7;1.6;2;4.1;2.1;1;0.2;1.6;1.7;13.1
152;David Duke Jr.;PG;22;BRK;22;15.5;1.8;4.9;0.4;1.7;1.4;3.2;0.8;1;3;0.8;0.6;0.3;0.4;1.6;4.7
153;Kris Dunn;PG;27;POR;14;24;3.1;7.3;0.1;0.8;3.1;6.5;1.2;1.3;3.5;5.6;1.6;0.2;2.3;2.7;7.6
154;Kevin Durant;PF;33;BRK;55;37.2;10.5;20.3;2.1;5.5;8.4;14.8;6.8;7.4;7.4;6.4;0.9;0.9;3.5;2.1;29.9
155;Jaime Echenique;C;24;WAS;1;3;0;0;0;0;0;0;0;0;0;0;0;0;0;0;0
156;Anthony Edwards;SG;20;MIN;72;34.3;7.6;17.3;3;8.4;4.6;8.9;3.1;3.9;4.8;3.8;1.5;0.6;2.6;2.3;21.3
157;Carsen Edwards;SG;23;DET;4;19.8;2.3;7.5;1;4;1.3;3.5;0.3;0.3;1.5;3.5;0.5;0;1.3;1;5.8
158;Kessler Edwards;SF;21;BRK;48;20.6;2.3;5.6;1;2.8;1.3;2.7;0.3;0.4;3.6;0.6;0.6;0.5;0.9;1.8;5.9
159;Rob Edwards;SG;25;OKC;2;5.5;0.5;2;0.5;2;0;0;0;0;1.5;0;0;0;0.5;0;1.5
160;CJ Elleby;SF;21;POR;58;20.2;2.1;5.3;0.6;2.2;1.4;3.1;1;1.4;3.9;1.5;0.6;0.3;1;2;5.8
161;Wayne Ellington;SG;34;LAL;43;18.8;2.3;5.5;1.9;4.9;0.4;0.6;0.2;0.3;1.8;0.7;0.5;0.1;0.4;1;6.7
162;Joel Embiid;C;27;PHI;68;33.8;9.8;19.6;1.4;3.7;8.4;15.9;9.6;11.8;11.7;4.2;1.1;1.5;3.1;2.7;30.6
163;James Ennis III;SF;31;TOT;7;8;1.6;3.4;0.4;1.1;1.1;2.3;0.6;0.7;1.7;0.4;0.3;0.3;0.3;0.7;4.1
163;James Ennis III;SF;31;BRK;2;7;1;3.5;0.5;1;0.5;2.5;0;0;2.5;0;0.5;0.5;0;0;2.5
163;James Ennis III;SF;31;LAC;2;14;3.5;5.5;1;2;2.5;3.5;2;2;2.5;0;0.5;0.5;0.5;2;10
163;James Ennis III;SF;31;DEN;3;4.7;0.7;2;0;0.7;0.7;1.3;0;0.3;0.7;1;0;0;0.3;0.3;1.3
164;Drew Eubanks;C;24;TOT;71;17.5;3.1;5.2;0.1;0.3;3;4.9;1.4;1.8;5.4;1.2;0.4;0.6;1.1;1.7;7.7
164;Drew Eubanks;C;24;SAS;49;12.1;1.7;3.2;0;0.2;1.7;3.1;1.2;1.6;4;1;0.3;0.6;0.9;1.2;4.7
164;Drew Eubanks;C;24;POR;22;29.5;6.2;9.6;0.2;0.7;6;9;1.8;2.3;8.5;1.6;0.8;0.5;1.6;2.8;14.5
165;Tacko Fall;C;26;CLE;11;5.4;0.5;1.1;0;0;0.5;1.1;0.2;0.6;2.1;0.2;0;0.5;0.3;0.3;1.1
166;Derrick Favors;C;30;OKC;39;16.7;2.4;4.7;0.1;0.4;2.4;4.3;0.4;0.6;4.7;0.6;0.4;0.3;0.2;1.6;5.3
167;Bruno Fernando;C;23;TOT;30;5.1;1.2;1.8;0;0.1;1.2;1.8;0.5;0.8;1.8;0.2;0;0.4;0.5;0.8;2.9
167;Bruno Fernando;C;23;BOS;20;2.9;0.4;0.7;0.1;0.1;0.3;0.7;0.2;0.3;0.8;0.2;0;0.2;0.3;0.3;1
167;Bruno Fernando;C;23;HOU;10;9.4;2.9;4.1;0;0.1;2.9;4;1.1;1.9;4;0.3;0.1;0.8;0.9;1.8;6.9
168;Dorian Finney-Smith;PF;28;DAL;80;33.1;4.1;8.7;2.2;5.4;1.9;3.2;0.7;1;4.7;1.9;1.1;0.5;1;2.3;11
169;Malik Fitts;PF;24;TOT;15;4.2;0.5;1.3;0.3;0.7;0.2;0.6;0;0;1.1;0.3;0;0;0.1;0.3;1.4
169;Malik Fitts;PF;24;UTA;7;5;0.3;1.3;0.3;0.6;0;0.7;0;0;1.4;0;0;0;0.3;0.4;0.9
169;Malik Fitts;PF;24;BOS;8;3.5;0.8;1.3;0.4;0.8;0.4;0.5;0;0;0.9;0.6;0;0;0;0.1;1.9
170;Malachi Flynn;PG;23;TOR;44;12.2;1.6;4.2;0.7;2;1;2.1;0.3;0.5;1.4;1.6;0.5;0.1;0.3;1;4.3
171;Bryn Forbes;SG;28;TOT;75;17.1;3.1;7.2;1.6;3.9;1.5;3.3;1.1;1.2;1.2;1;0.3;0.1;0.7;1.3;8.8
171;Bryn Forbes;SG;28;SAS;40;16.9;3.2;7.4;1.6;3.8;1.6;3.6;1.1;1.2;1.6;1;0.4;0.1;0.8;1.1;9.1
171;Bryn Forbes;SG;28;DEN;35;17.4;2.9;6.9;1.7;4.1;1.3;2.8;1;1.1;0.9;1;0.2;0.1;0.7;1.5;8.6
172;Aleem Ford;SF;24;ORL;5;14.8;1.2;4;0.4;3;0.8;1;0;0;3;0.4;0.2;0;0.8;1.4;2.8
173;Trent Forrest;PG;23;UTA;60;12.8;1.3;2.6;0.1;0.5;1.2;2.1;0.6;0.8;1.7;1.8;0.5;0.1;0.8;0.7;3.3
174;Evan Fournier;SG;29;NYK;80;29.5;5;12.1;3;7.7;2;4.3;1;1.4;2.6;2.1;1;0.3;1.3;2.3;14.1
175;De'Aaron Fox;PG;24;SAC;59;35.3;8.7;18.5;1.3;4.2;7.5;14.3;4.4;5.9;3.9;5.6;1.2;0.4;2.8;2.9;23.2
176;Melvin Frazier;SG;25;OKC;3;40;4.3;16;0.3;7;4;9;1.7;2.3;4.3;0.3;0.3;0;1;2.7;10.7
177;Tim Frazier;PG;31;TOT;12;17.3;1.2;3.8;0.5;1.4;0.7;2.3;0.4;0.8;1.6;2.8;0.3;0.1;1.3;2.3;3.3
177;Tim Frazier;PG;31;ORL;10;20;1.3;4.3;0.6;1.7;0.7;2.6;0.5;0.9;1.9;3.3;0.3;0.1;1.3;2.4;3.7
177;Tim Frazier;PG;31;CLE;2;4;0.5;1;0;0;0.5;1;0;0;0;0.5;0;0;1;1.5;1
178;Enes Freedom;C;29;BOS;35;11.7;1.5;2.8;0.1;0.1;1.4;2.6;0.7;0.8;4.6;0.2;0.1;0.4;0.6;1.2;3.7
179;Markelle Fultz;PG;23;ORL;18;20;4.6;9.7;0.2;0.9;4.4;8.8;1.4;1.7;2.7;5.5;1.1;0.3;2.2;1.2;10.8
180;Wenyen Gabriel;PF;24;TOT;26;13.8;2.1;4.2;0.3;1.1;1.8;3.2;1;1.6;3.7;0.5;0.2;0.4;0.6;2.6;5.4
180;Wenyen Gabriel;PF;24;BRK;1;1;0;0;0;0;0;0;0;0;1;0;0;0;0;0;0
180;Wenyen Gabriel;PF;24;LAC;6;7.7;0.8;2.2;0.3;0.8;0.5;1.3;0.3;0.7;2.3;0.3;0.2;0.3;0.5;1.8;2.3
180;Wenyen Gabriel;PF;24;LAL;19;16.4;2.6;5.1;0.3;1.2;2.3;3.9;1.2;2;4.3;0.6;0.2;0.5;0.7;3;6.7
181;Daniel Gafford;C;23;WAS;72;20.1;4;5.7;0;0;4;5.7;1.5;2.1;5.7;0.9;0.4;1.4;0.9;2.4;9.4
182;Danilo Gallinari;PF;33;ATL;66;25.3;3.9;9;1.7;4.5;2.2;4.6;2.1;2.4;4.7;1.5;0.4;0.2;0.6;1.4;11.7
183;Langston Galloway;SG;30;TOT;7;15.3;0.9;3.7;0.3;2.3;0.6;1.4;0;0;2.6;1.7;0.1;0;0.9;1;2
183;Langston Galloway;SG;30;BRK;4;14.5;1.3;3.3;0.5;2;0.8;1.3;0;0;2;1.3;0;0;1.3;1.3;3
183;Langston Galloway;SG;30;MIL;3;16.3;0.3;4.3;0;2.7;0.3;1.7;0;0;3.3;2.3;0.3;0;0.3;0.7;0.7
184;Darius Garland;PG;22;CLE;68;35.7;8;17.3;2.6;6.7;5.4;10.6;3.2;3.5;3.3;8.6;1.3;0.1;3.6;1.7;21.7
185;Marcus Garrett;SG;23;MIA;12;10.7;0.4;1.8;0.1;0.3;0.3;1.4;0.2;0.4;1.9;0.6;0.4;0.3;0.2;1.3;1.1
186;Usman Garuba;PF;19;HOU;24;10;0.8;1.8;0.2;0.8;0.6;1;0.2;0.3;3.5;0.7;0.4;0.5;0.3;1.2;2
187;Luka Garza;C;23;DET;32;12.2;2.1;4.6;0.5;1.5;1.6;3.1;1.2;1.9;3.1;0.6;0.3;0.2;0.6;1.7;5.8
188;Rudy Gay;PF;35;UTA;55;18.9;2.9;6.9;1.3;3.7;1.6;3.2;1.1;1.4;4.4;1;0.5;0.3;0.9;1.7;8.1
189;Paul George;SF;31;LAC;31;34.7;8.6;20.5;2.9;8.3;5.7;12.2;4.1;4.8;6.9;5.7;2.2;0.4;4.1;2.4;24.3
190;Taj Gibson;C;36;NYK;52;18.2;1.7;3.2;0.3;0.7;1.4;2.5;0.8;1;4.4;0.6;0.4;0.8;0.5;2.6;4.4
191;Josh Giddey;SG;19;OKC;54;31.5;5.2;12.4;1;3.9;4.2;8.5;1;1.5;7.8;6.4;0.9;0.4;3.2;1.6;12.5
192;Shai Gilgeous-Alexander;PG;23;OKC;56;34.7;8.5;18.8;1.6;5.3;6.9;13.5;5.9;7.2;5;5.9;1.3;0.8;2.8;2.5;24.5
193;Anthony Gill;PF;29;WAS;44;10.5;1.4;2.5;0.3;0.6;1.1;1.9;1;1.2;1.9;0.6;0.1;0.3;0.4;1.3;4.1
194;Freddie Gillespie;PF;24;ORL;9;13.2;1;2.4;0;0.1;1;2.3;0.3;0.8;4;0.6;0.3;1;0.6;2;2.3
195;Rudy Gobert;C;29;UTA;66;32.1;5.5;7.7;0;0.1;5.5;7.6;4.6;6.7;14.7;1.1;0.7;2.1;1.8;2.7;15.6
196;Brandon Goodwin;PG;26;CLE;36;13.9;1.8;4.3;0.5;1.5;1.3;2.8;0.7;1.1;1.9;2.5;0.7;0;1;1.1;4.8
197;Jordan Goodwin;SG;23;WAS;2;3;0;1.5;0;0.5;0;1;0;0;0.5;0;0;0;0;0.5;0
198;Aaron Gordon;PF;26;DEN;75;31.7;5.8;11.1;1.2;3.5;4.6;7.7;2.3;3.1;5.9;2.5;0.6;0.6;1.8;2;15
199;Eric Gordon;SG;33;HOU;57;29.3;4.7;9.9;2.2;5.3;2.5;4.6;1.8;2.4;2;2.7;0.5;0.3;1.9;1.1;13.4
200;Devonte' Graham;PG;26;NOP;76;28.4;3.9;10.7;2.5;7.4;1.4;3.3;1.6;1.8;2.3;4.2;0.9;0.2;1.4;1.3;11.9
201;Jerami Grant;PF;27;DET;47;31.9;6.3;14.9;1.9;5.4;4.4;9.5;4.6;5.5;4.1;2.4;0.9;1;1.8;2.3;19.2
202;Hassani Gravett;PG;25;ORL;8;21.4;2.3;4.8;1.4;3.3;0.9;1.5;0.4;0.5;2.6;2.5;0.6;0.1;1.1;1.6;6.3
203;Danny Green;SF;34;PHI;62;21.8;2;5.2;1.7;4.4;0.4;0.8;0.2;0.2;2.5;1;1;0.6;0.7;1.7;5.9
204;Draymond Green;PF;31;GSW;46;28.9;2.9;5.6;0.3;1.2;2.6;4.4;1.3;2;7.3;7;1.3;1.1;3;3;7.5
205;Jalen Green;SG;19;HOU;67;31.9;6.1;14.2;2.3;6.8;3.7;7.4;2.8;3.5;3.4;2.6;0.7;0.3;2;1.5;17.3
206;JaMychal Green;PF;31;DEN;67;16.2;2.4;4.9;0.5;1.9;1.9;3;1.2;1.4;4.2;0.9;0.6;0.4;0.9;2.4;6.4
207;Javonte Green;SF;28;CHI;65;23.4;2.7;5;0.6;1.6;2.2;3.4;1.2;1.5;4.2;0.9;1;0.5;0.5;2;7.2
208;Jeff Green;C;35;DEN;75;24.7;3.7;7.1;0.7;2.2;3;4.8;2.2;2.6;3.1;1.3;0.4;0.4;0.9;2;10.3
209;Josh Green;SG;21;DAL;67;15.5;1.9;3.8;0.4;1.2;1.5;2.7;0.5;0.7;2.4;1.2;0.7;0.2;0.7;1.7;4.8
210;Blake Griffin;PF;32;BRK;56;17.1;2.4;5.6;0.7;2.6;1.7;3;1;1.4;4.1;1.9;0.5;0.3;0.6;1.7;6.4
211;Quentin Grimes;SG;21;NYK;46;17.1;2.1;5.1;1.6;4.1;0.5;1;0.3;0.4;2;1;0.7;0.2;0.6;1.6;6
212;Kyle Guy;SG;24;MIA;19;9.8;1.4;3.4;0.7;2.1;0.6;1.3;0.4;0.6;0.9;0.9;0.4;0.1;0.7;0.6;3.9
213;Rui Hachimura;PF;23;WAS;42;22.5;4.5;9.1;1.3;2.9;3.1;6.1;1.1;1.6;3.8;1.1;0.5;0.2;0.8;1.3;11.3
214;Tyrese Haliburton;SG-PG;21;TOT;77;35;5.6;11.8;2.1;5.1;3.5;6.8;2.1;2.5;4;8.2;1.7;0.6;2.6;1.6;15.3
214;Tyrese Haliburton;SG;21;SAC;51;34.5;5.3;11.5;2;4.9;3.2;6.5;1.7;2;3.9;7.4;1.7;0.7;2.3;1.4;14.3
214;Tyrese Haliburton;PG;21;IND;26;36.1;6.2;12.4;2.2;5.3;4;7.2;2.8;3.3;4.3;9.6;1.8;0.6;3.2;1.9;17.5
215;Tyler Hall;SG;24;NYK;1;2;0;0;0;0;0;0;0;0;0;0;0;0;0;0;0
216;R.J. Hampton;SG;20;ORL;64;21.9;2.7;7.1;1;2.9;1.7;4.3;1.2;1.8;3;2.5;0.7;0.2;1.4;1.6;7.6
217;Tim Hardaway Jr.;SG;29;DAL;42;29.6;5;12.6;2.4;7.2;2.5;5.4;1.9;2.5;3.7;2.2;0.9;0.1;0.8;1.8;14.2
218;James Harden;PG-SG;32;TOT;65;37.2;6.3;15.3;2.3;6.9;4;8.4;7.2;8.2;7.7;10.3;1.3;0.6;4.4;2.4;22
218;James Harden;PG;32;BRK;44;37;6.6;16;2.3;7;4.3;9.1;6.9;8;8;10.2;1.3;0.7;4.8;2.4;22.5
218;James Harden;SG;32;PHI;21;37.7;5.5;13.6;2.2;6.7;3.3;6.9;7.9;8.9;7.1;10.5;1.2;0.2;3.4;2.3;21
219;Maurice Harkless;SF;28;SAC;47;18.4;1.8;3.9;0.7;2.1;1.1;1.7;0.4;0.6;2.4;0.5;0.6;0.5;0.7;1.6;4.6
220;Jared Harper;PG;24;NOP;5;8.6;2.8;5.2;1;2.4;1.8;2.8;0.8;0.8;0.4;2.8;0.8;0.2;0.4;1;7.4
221;Montrezl Harrell;C;28;TOT;71;23.1;5;7.8;0.1;0.2;5;7.6;3;4.2;6.1;2;0.4;0.6;1;1.9;13.1
221;Montrezl Harrell;C;28;WAS;46;24.3;5.4;8.3;0.1;0.3;5.3;8;3.2;4.5;6.7;2.1;0.4;0.7;1.1;1.9;14.1
221;Montrezl Harrell;C;28;CHO;25;21;4.4;6.9;0;0.1;4.4;6.8;2.5;3.6;4.9;2;0.4;0.5;0.9;2;11.4
222;Gary Harris;SG;27;ORL;61;28.4;3.9;9.1;1.9;5;2;4.1;1.4;1.6;2;1.8;1;0.1;1;1.8;11.1
223;Joe Harris;SF;30;BRK;14;30.2;4;8.9;2.9;6.3;1.1;2.6;0.4;0.4;4;1;0.5;0.1;1.1;2.2;11.3
224;Tobias Harris;PF;29;PHI;73;34.8;6.8;14;1.4;3.8;5.4;10.2;2.3;2.8;6.8;3.5;0.6;0.6;1.6;2.2;17.2
225;Shaquille Harrison;SG;28;BRK;2;11.5;1;3;0;1;1;2;0;0;2;1.5;0.5;0.5;1;1.5;2
226;Josh Hart;SG-SF;26;TOT;54;33.2;5.3;10.5;1.4;3.9;4;6.6;3;3.9;7.2;4.1;1.1;0.2;2.1;2.8;14.9
226;Josh Hart;SG;26;NOP;41;33.5;4.8;9.4;1;3.2;3.7;6.2;2.8;3.8;7.8;4.1;1.1;0.3;2;2.9;13.4
226;Josh Hart;SF;26;POR;13;32.1;7.1;14.1;2.4;6.4;4.7;7.7;3.4;4.4;5.4;4.3;1.2;0.2;2.5;2.5;19.9
227;Isaiah Hartenstein;C;23;LAC;68;17.9;3.4;5.4;0.2;0.4;3.2;4.9;1.3;1.9;4.9;2.4;0.7;1.1;1.2;2.5;8.3
228;Udonis Haslem;C;41;MIA;13;6.4;1.1;2.4;0.1;0.3;1;2.1;0.2;0.2;1.9;0.3;0.1;0.1;0.4;1.2;2.5
229;Sam Hauser;SF;24;BOS;26;6.1;0.9;1.9;0.7;1.7;0.2;0.2;0;0;1.1;0.4;0;0.1;0.1;0.3;2.5
230;Jaxson Hayes;C;21;NOP;70;20;3.5;5.7;0.3;0.8;3.2;4.9;2.1;2.7;4.5;0.6;0.5;0.8;0.8;2.2;9.3
231;Killian Hayes;PG;20;DET;66;25;2.7;7;0.7;2.5;2;4.4;0.9;1.1;3.2;4.2;1.2;0.5;1.7;2.8;6.9
232;Gordon Hayward;SF;31;CHO;49;31.9;5.8;12.6;1.8;4.5;4;8.1;2.6;3;4.6;3.6;1;0.4;1.7;1.7;15.9
233;Aaron Henry;SF;22;PHI;6;2.8;0.2;0.8;0;0.2;0.2;0.7;0;0;0.2;0;0;0.3;0.3;0.3;0.3
234;Juancho Hernangómez;PF;26;TOT;40;11.1;1.1;2.7;0.6;1.7;0.5;0.9;0.5;0.9;2.5;0.5;0.4;0.3;0.4;0.6;3.3
234;Juancho Hernangómez;PF;26;BOS;18;5.3;0.3;1.5;0.2;1;0.1;0.5;0.3;0.5;1.4;0.2;0.2;0.1;0.3;0.4;1.1
234;Juancho Hernangómez;PF;26;SAS;5;10.2;0.4;1.2;0;0.6;0.4;0.6;0.6;0.8;3;0.6;0.2;0.2;0.4;0;1.4
234;Juancho Hernangómez;PF;26;UTA;17;17.5;2.2;4.3;1.2;2.8;0.9;1.5;0.6;1.2;3.5;0.8;0.5;0.4;0.5;1.1;6.2
235;Willy Hernangómez;C;27;NOP;50;16.8;3.4;6.5;0.1;0.2;3.3;6.3;2.2;2.8;6.8;1.3;0.4;0.4;1;1.9;9.1
236;Tyler Herro;SG;22;MIA;66;32.6;7.6;17;2.7;6.7;4.9;10.3;2.9;3.3;5;4;0.7;0.1;2.6;1.4;20.7
237;Buddy Hield;SG;29;TOT;81;30.9;5.5;13.6;3.2;8.8;2.3;4.7;1.4;1.6;4.4;2.8;0.9;0.3;1.9;2.3;15.6
237;Buddy Hield;SG;29;SAC;55;28.6;4.8;12.6;3.3;9;1.5;3.6;1.5;1.7;4;1.9;0.9;0.3;1.6;2.1;14.4
237;Buddy Hield;SG;29;IND;26;35.6;7;15.6;3.1;8.5;3.9;7.1;1.2;1.3;5.1;4.8;1;0.4;2.4;2.7;18.2
238;Haywood Highsmith;SF;25;MIA;19;8.6;0.8;2.4;0.5;1.5;0.4;0.9;0.1;0.3;1.4;0.3;0.1;0.2;0.2;0.7;2.3
239;George Hill;SG;35;MIL;54;23.2;2.2;5.1;0.8;2.5;1.4;2.6;1.1;1.1;2.9;2.2;0.8;0.1;0.8;1.3;6.2
240;Malcolm Hill;SF-SG;26;TOT;19;11.2;1.3;2.7;0.7;1.9;0.6;0.8;0.6;0.7;1.8;0.4;0.4;0.2;0.2;1.3;3.8
240;Malcolm Hill;SG;26;ATL;3;15.3;1.7;2.7;1;1.7;0.7;1;1.3;1.3;2;0.3;1.3;0.3;0;2.3;5.7
240;Malcolm Hill;SF;26;CHI;16;10.4;1.2;2.8;0.6;1.9;0.6;0.8;0.4;0.6;1.8;0.4;0.2;0.1;0.2;1.1;3.4
241;Solomon Hill;PF;30;ATL;13;10.7;0.2;1.5;0.2;1;0.1;0.5;0;0;1.8;0.9;0.3;0.2;0.1;1.2;0.6
242;Nate Hinton;SG;22;IND;2;1;0;0.5;0;0;0;0.5;0;0;0;0;0;0;0.5;0;0
243;Jaylen Hoard;SF;22;OKC;7;34.3;6.3;12.9;1.3;3.6;5;9.3;0.9;2;12;2.4;0.9;0.7;1.1;2;14.7
244;Aaron Holiday;PG;25;TOT;63;16.2;2.4;5.4;0.6;1.6;1.8;3.7;0.9;1.1;1.9;2.4;0.7;0.1;1.1;1.5;6.3
244;Aaron Holiday;PG;25;WAS;41;16.2;2.4;5.2;0.6;1.6;1.9;3.6;0.7;0.9;1.6;1.9;0.6;0.2;1;1.5;6.1
244;Aaron Holiday;PG;25;PHO;22;16.3;2.3;5.6;0.7;1.6;1.6;4;1.4;1.5;2.5;3.4;0.8;0;1.3;1.5;6.8
245;Jrue Holiday;PG;31;MIL;67;32.9;7.1;14.2;2;4.8;5.2;9.4;2;2.7;4.5;6.8;1.6;0.4;2.7;2;18.3
246;Justin Holiday;SF-SG;32;TOT;74;27.8;3.5;8.9;2.4;6.5;1.1;2.4;0.7;0.8;2.6;1.7;0.8;0.4;0.9;2.1;10.1
246;Justin Holiday;SF;32;IND;49;28.9;3.9;9.3;2.6;6.9;1.3;2.5;0.7;0.8;2.8;1.8;0.7;0.4;1;2.1;11
246;Justin Holiday;SG;32;SAC;25;25.6;2.8;8.2;2;5.8;0.8;2.3;0.6;0.8;2.2;1.5;0.8;0.6;0.8;2;8.3
247;Richaun Holmes;C;28;SAC;45;23.9;4.4;6.7;0;0.1;4.4;6.6;1.6;2;7;1.1;0.4;0.9;1.2;2.8;10.4
248;Rodney Hood;SF-SG;29;TOT;52;13.6;1.1;3;0.6;1.8;0.5;1.3;0.3;0.4;1.5;0.7;0.3;0.1;0.2;0.6;3.1
248;Rodney Hood;SF;29;MIL;39;14.9;1.2;3.4;0.6;2.1;0.6;1.3;0.3;0.4;1.7;0.8;0.3;0.1;0.2;0.7;3.3
248;Rodney Hood;SG;29;LAC;13;9.8;0.9;2;0.5;0.8;0.5;1.2;0.3;0.4;0.8;0.6;0.2;0.2;0.3;0.3;2.6
249;Scotty Hopson;SG;32;OKC;1;18;2;4;0;1;2;3;0;0;1;1;0;0;2;1;4
250;Al Horford;C;35;BOS;69;29.1;3.9;8.2;1.3;3.8;2.6;4.4;1.2;1.4;7.7;3.4;0.7;1.3;0.9;1.9;10.2
251;Talen Horton-Tucker;SG;21;LAL;60;25.2;3.7;9;0.8;3;2.9;5.9;1.7;2.1;3.2;2.7;1;0.5;1.4;2.5;10
252;Danuel House Jr.;SF;28;TOT;42;17.3;1.9;4.7;1;2.8;0.9;1.9;1;1.4;2.6;1;0.5;0.4;0.8;1.2;5.9
252;Danuel House Jr.;SF;28;HOU;16;14.6;1.6;4.6;0.6;2.1;0.9;2.5;1.1;1.2;2.7;1.2;0.3;0.3;1.1;1;4.8
252;Danuel House Jr.;SF;28;NYK;1;3;0;1;0;1;0;0;0;0;0;0;0;0;0;0;0
252;Danuel House Jr.;SF;28;UTA;25;19.6;2.2;4.9;1.4;3.3;0.8;1.6;1.1;1.6;2.7;1;0.6;0.5;0.6;1.4;6.8
253;Dwight Howard;C;36;LAL;60;16.2;2.2;3.7;0.1;0.3;2.1;3.4;1.6;2.4;5.9;0.6;0.6;0.6;0.8;1.9;6.2
254;Markus Howard;SG;22;DEN;31;5.7;1.3;3.3;0.9;2.3;0.4;1;0.6;0.7;0.4;0.2;0.3;0;0.2;0.5;4.1
255;Kevin Huerter;SG;23;ATL;74;29.6;4.7;10.3;2.2;5.6;2.5;4.7;0.6;0.7;3.4;2.7;0.7;0.4;1.2;2.5;12.1
256;Jay Huff;C;23;LAL;4;5;0;0.8;0;0.5;0;0.3;0;0;1;0.3;0.3;0.3;0.3;0.3;0
257;Elijah Hughes;SG-SF;23;TOT;36;12.1;1.3;4;0.7;2.6;0.6;1.4;0.2;0.3;1.6;0.6;0.4;0.2;0.5;1.1;3.5
257;Elijah Hughes;SF;23;UTA;14;8;1.1;2.6;0.7;2;0.4;0.6;0.2;0.2;1.2;0.4;0.3;0.1;0.5;0.5;3.1
257;Elijah Hughes;SG;23;POR;22;14.6;1.5;4.9;0.7;3;0.8;1.9;0.2;0.3;1.9;0.7;0.5;0.3;0.5;1.5;3.8
258;Feron Hunt;SF;22;NYK;2;4;0;1;0;0;0;1;0;0;0.5;0.5;0.5;0;0.5;0.5;0
259;De'Andre Hunter;SF;24;ATL;53;29.8;4.8;10.8;1.4;3.7;3.4;7.2;2.4;3.1;3.3;1.3;0.7;0.4;1.3;2.9;13.4
260;Chandler Hutchison;SF;25;PHO;6;3.7;0.2;0.3;0;0;0.2;0.3;0.3;0.3;0.8;0.3;0;0;0.7;0.2;0.7
261;Bones Hyland;PG;21;DEN;69;19;3.3;8.3;1.9;5.2;1.4;3.1;1.6;1.8;2.7;2.8;0.6;0.3;1.2;2.2;10.1
262;Serge Ibaka;C-PF;32;TOT;54;16.2;2.7;5.5;0.7;1.8;2.1;3.6;0.6;0.8;4.6;0.9;0.2;0.6;0.8;1.9;6.8
262;Serge Ibaka;C;32;LAC;35;15.4;2.7;5.5;0.7;1.8;2;3.7;0.6;0.8;4.3;1;0.2;0.7;0.9;1.6;6.6
262;Serge Ibaka;PF;32;MIL;19;17.8;2.8;5.5;0.7;1.9;2.2;3.5;0.6;0.8;5.3;0.7;0.2;0.4;0.5;2.4;7
263;Andre Iguodala;SF;38;GSW;31;19.5;1.5;3.9;0.5;2.4;0.9;1.5;0.5;0.6;3.2;3.7;0.9;0.7;0.9;1.1;4
264;Joe Ingles;SF;34;UTA;45;24.9;2.6;6.3;1.7;5;0.8;1.3;0.4;0.5;2.9;3.5;0.5;0.1;1;1.8;7.2
265;Brandon Ingram;SF;24;NOP;55;34;8.2;17.9;1.3;4.1;6.9;13.8;4.8;5.9;5.8;5.6;0.6;0.5;2.7;2.2;22.7
266;Kyrie Irving;PG;29;BRK;29;37.6;10;21.2;3.4;8.2;6.5;13;4.1;4.4;4.4;5.8;1.4;0.6;2.5;2.8;27.4
267;Wes Iwundu;SF;27;ATL;3;27.3;2.7;6;1;1.7;1.7;4.3;1;1.3;4.3;0;0.3;0;0.3;2.7;7.3
268;Frank Jackson;PG;23;DET;53;22;3.7;9.1;1.6;5.3;2;3.8;1.6;2;1.6;1;0.5;0.2;0.7;1.7;10.6
269;Isaiah Jackson;PF;20;IND;36;15;3.2;5.7;0.1;0.4;3.1;5.3;1.7;2.4;4.1;0.3;0.7;1.4;1.1;2.6;8.3
270;Jaren Jackson Jr.;PF;22;MEM;78;27.3;5.5;13.3;1.6;5.1;3.9;8.1;3.6;4.4;5.8;1.1;0.9;2.3;1.7;3.5;16.3
271;Josh Jackson;SF;24;TOT;51;16.3;2.4;5.9;0.6;2.5;1.7;3.3;1.1;1.5;2.8;1.1;0.5;0.4;0.9;1.7;6.4
271;Josh Jackson;SF;24;DET;39;18.1;2.6;6.4;0.8;2.9;1.9;3.5;1;1.4;3.2;1.3;0.5;0.5;1;1.8;7.1
271;Josh Jackson;SF;24;SAC;12;10.3;1.4;4.1;0.3;1.4;1.2;2.7;1.3;1.8;1.5;0.4;0.4;0.3;0.8;1.4;4.3
272;Justin Jackson;SF;26;TOT;7;5.3;0.7;2.1;0.4;1.3;0.3;0.9;0.3;0.3;1;0.3;0;0;0.1;0.4;2.1
272;Justin Jackson;SF;26;BOS;1;2;0;1;0;0;0;1;2;2;0;0;0;0;0;0;2
272;Justin Jackson;SF;26;PHO;6;5.8;0.8;2.3;0.5;1.5;0.3;0.8;0;0;1.2;0.3;0;0;0.2;0.5;2.2
273;Reggie Jackson;SG;31;LAC;75;31.2;6.4;16.3;2.2;6.8;4.2;9.5;1.8;2.2;3.6;4.8;0.7;0.2;2.3;2.1;16.8
274;LeBron James;SF;37;LAL;56;37.2;11.4;21.8;2.9;8;8.6;13.8;4.5;6;8.2;6.2;1.3;1.1;3.5;2.2;30.3
275;DeJon Jarreau;SG;24;IND;1;1;0;0;0;0;0;0;0;0;0;0;0;0;0;0;0
276;DaQuan Jeffries;SG;24;MEM;3;3;0.3;0.7;0;0.3;0.3;0.3;0;0;0.7;0.3;0;0;0;0.3;0.7
277;Ty Jerome;SG;24;OKC;48;16.7;2.6;6.8;1.1;3.9;1.5;3;0.8;1;1.6;2.3;0.6;0.1;0.8;1.5;7.1
278;Isaiah Joe;SG;22;PHI;55;11.1;1.1;3.2;0.8;2.5;0.3;0.8;0.5;0.6;1;0.6;0.3;0.1;0.3;0.9;3.6
279;Alize Johnson;PF;25;TOT;23;7.3;0.7;1.7;0;0.2;0.7;1.5;0.3;0.5;2.7;0.4;0.2;0;0.5;0.8;1.8
279;Alize Johnson;PF;25;CHI;16;7.6;0.8;1.4;0;0.1;0.8;1.3;0.3;0.4;2.3;0.5;0.2;0;0.5;0.9;1.8
279;Alize Johnson;PF;25;WAS;3;6;0.7;2;0;0.7;0.7;1.3;0;0.3;4;0;0;0;1;0;1.3
279;Alize Johnson;PF;25;NOP;4;7;0.8;2.5;0;0;0.8;2.5;0.8;1;3.3;0.3;0.5;0;0.3;0.8;2.3
280;B.J. Johnson;SF;26;ORL;4;16.3;2.8;6.3;1;2.5;1.8;3.8;0;0;3.8;0;0;0.3;0;1;6.5
281;Cameron Johnson;PF;25;PHO;66;26.2;4.2;9.2;2.5;5.9;1.7;3.3;1.5;1.7;4.1;1.5;0.9;0.2;0.7;1.7;12.5
282;David Johnson;SG;20;TOR;2;1;0;0.5;0;0.5;0;0;0;0;0;0;0;0;0;0;0
283;Jalen Johnson;PF;20;ATL;22;5.5;1;1.9;0.1;0.6;0.9;1.3;0.2;0.3;1.2;0.1;0.1;0.1;0.4;0.4;2.4
284;James Johnson;PF;34;BRK;62;19.2;2.3;5;0.4;1.4;2;3.6;0.5;0.9;3.5;2.1;0.5;0.5;0.8;2.6;5.5
285;Joe Johnson;SG;40;BOS;1;2;1;1;0;0;1;1;0;0;0;0;0;0;0;0;2
286;Keldon Johnson;SF;22;SAS;75;31.9;6.3;13.5;2.1;5.3;4.2;8.2;2.4;3.1;6.1;2.1;0.8;0.2;1.2;2;17
287;Keon Johnson;SG;19;TOT;37;18.8;2.6;7.4;0.9;2.7;1.7;4.6;1.1;1.4;2.2;2.1;0.8;0.3;1.2;1.9;7.2
287;Keon Johnson;SG;19;LAC;15;9;1.1;3.4;0.2;0.7;0.9;2.7;1.1;1.4;1.4;0.9;0.5;0.1;0.5;1.4;3.5
287;Keon Johnson;SG;19;POR;22;25.5;3.6;10;1.4;4;2.2;6;1.1;1.4;2.7;2.9;1;0.5;1.8;2.2;9.7
288;Stanley Johnson;PF;25;LAL;48;22.8;2.4;5.2;0.7;2.2;1.8;3;1.1;1.5;3.2;1.7;0.9;0.3;0.7;2.3;6.7
289;Tyler Johnson;PG;29;TOT;6;15.2;1;3.3;0.8;2.2;0.2;1.2;0;0;2;1.2;0.5;0.5;0.3;1.2;2.8
289;Tyler Johnson;PG;29;PHI;3;12.7;1.3;3.3;1;2.3;0.3;1;0;0;2;0.7;0.3;0.3;0.3;1.3;3.7
289;Tyler Johnson;PG;29;SAS;3;17.7;0.7;3.3;0.7;2;0;1.3;0;0;2;1.7;0.7;0.7;0.3;1;2
290;Nikola Joki?;C;26;DEN;74;33.5;10.3;17.7;1.3;3.9;9;13.8;5.1;6.3;13.8;7.9;1.5;0.9;3.8;2.6;27.1
291;Carlik Jones;PG;24;TOT;5;4.6;0.2;1.8;0;0.2;0.2;1.6;0.4;0.4;0.6;1;0.2;0;0.6;0;0.8
291;Carlik Jones;PG;24;DAL;3;6.3;0;2.3;0;0.3;0;2;0.7;0.7;1;1.7;0.3;0;1;0;0.7
291;Carlik Jones;PG;24;DEN;2;2;0.5;1;0;0;0.5;1;0;0;0;0;0;0;0;0;1
292;Damian Jones;C;26;SAC;56;18.2;3.1;4.8;0.2;0.5;2.9;4.2;1.7;2.3;4.4;1.2;0.5;0.8;1.1;2.3;8.1
293;Derrick Jones Jr.;PF;24;CHI;51;17.6;2.1;3.8;0.4;1.2;1.7;2.6;1.1;1.4;3.3;0.6;0.5;0.6;0.6;2.1;5.6
294;Herbert Jones;PF;23;NOP;78;29.9;3.5;7.4;0.7;2.2;2.8;5.2;1.8;2.1;3.8;2.1;1.7;0.8;1.3;3.1;9.5
295;Jemerrio Jones;SF;26;LAL;2;7.5;1;1.5;0;0;1;1.5;0;0;1.5;0;0.5;0;0;1;2
296;Kai Jones;C;21;CHO;21;3;0.4;0.7;0;0.1;0.4;0.6;0.1;0.4;0.5;0.2;0;0.1;0.3;0.4;1
297;Mason Jones;SG;23;LAL;4;12.8;1.8;3.8;0.3;1;1.5;2.8;3;3.8;2.5;1;0.5;0;0.3;2;6.8
298;Tre Jones;PG;22;SAS;69;16.6;2.4;4.9;0.1;0.7;2.3;4.2;1;1.3;2.2;3.4;0.6;0.1;0.7;1.1;6
299;Tyus Jones;PG;25;MEM;73;21.2;3.4;7.6;1.1;2.8;2.3;4.8;0.7;0.9;2.4;4.4;0.9;0;0.6;0.4;8.7
300;DeAndre Jordan;C;33;TOT;48;13;1.9;3;0;0;1.9;3;0.5;0.8;5.5;0.4;0.3;0.7;0.8;1.5;4.3
300;DeAndre Jordan;C;33;LAL;32;12.8;1.9;2.8;0;0;1.9;2.8;0.4;0.8;5.4;0.4;0.3;0.8;0.7;1.6;4.1
300;DeAndre Jordan;C;33;PHI;16;13.4;2;3.4;0;0;2;3.4;0.6;0.9;5.8;0.5;0.1;0.6;1;1.3;4.6
301;Cory Joseph;PG;30;DET;65;24.6;2.7;6.2;1;2.4;1.7;3.7;1.5;1.7;2.7;3.6;0.6;0.3;1.3;2.3;8
302;Georgios Kalaitzakis;SF;23;TOT;13;16.5;2.4;5.2;0.8;2;1.6;3.2;1.1;2.3;1.6;0.9;0.8;0.2;1.5;1.5;6.6
302;Georgios Kalaitzakis;SF;23;MIL;9;5.3;0.6;1.2;0.2;0.4;0.3;0.8;0.4;1;0.9;0;0.1;0.1;0.4;0.9;1.8
302;Georgios Kalaitzakis;SF;23;OKC;4;41.5;6.5;14;2;5.5;4.5;8.5;2.5;5.3;3.3;3;2.5;0.3;4;2.8;17.5
303;Frank Kaminsky;C;28;PHO;9;20.1;4;7.3;0.6;1.7;3.4;5.7;2;2.2;4.6;1.4;0.9;0.8;0.6;1.6;10.6
304;Luke Kennard;SG;25;LAC;70;27.4;4.1;9.1;2.7;6;1.4;3.1;1;1.1;3.3;2.1;0.6;0.1;0.9;1.4;11.9
305;Braxton Key;SF;24;TOT;11;17.9;3;6.5;0.5;1.9;2.5;4.6;0.6;1.2;4.5;1;0.9;1;1;2.4;7.2
305;Braxton Key;SF;24;PHI;2;3;0.5;1;0;0.5;0.5;0.5;0;0;1;0.5;0.5;0;1;0.5;1
305;Braxton Key;SF;24;DET;9;21.2;3.6;7.8;0.7;2.2;2.9;5.6;0.8;1.4;5.3;1.1;1;1.2;1;2.8;8.6
306;George King;SF;28;DAL;4;4.8;0;1.3;0;1;0;0.3;0.3;0.5;1.3;0;0;0;0.3;1;0.3
307;Louis King;SF;22;SAC;10;10.4;1.5;4.7;0.8;2.7;0.7;2;0.7;1;1.2;0.9;0.2;0.1;0;1.4;4.5
308;Corey Kispert;SF;22;WAS;77;23.4;3;6.7;1.5;4.2;1.6;2.5;0.7;0.8;2.7;1.1;0.5;0.3;0.6;1.2;8.2
309;Maxi Kleber;PF;30;DAL;59;24.6;2.4;6;1.4;4.3;1;1.7;0.8;1.1;5.9;1.2;0.5;1;0.8;2.3;7
310;Brandon Knight;PG;30;DAL;5;13;2;5;0.8;3.4;1.2;1.6;1.6;1.6;1.6;1.6;0.2;0;0.8;1;6.4
311;Nathan Knight;PF;24;MIN;37;7.2;1.2;2.4;0.1;0.4;1.1;2;1.2;1.6;2.3;0.6;0.2;0.2;0.5;1.1;3.7
312;Kevin Knox;SF;22;TOT;30;7.4;1;2.8;0.5;1.8;0.5;1;0.5;0.7;1.5;0.3;0.1;0.1;0.2;0.6;3.1
312;Kevin Knox;SF;22;NYK;13;8.5;1.2;3.1;0.8;2.2;0.4;0.9;0.5;0.8;1.7;0.2;0.2;0.1;0.4;0.4;3.6
312;Kevin Knox;SF;22;ATL;17;6.5;0.9;2.6;0.3;1.5;0.6;1.1;0.5;0.7;1.3;0.4;0.1;0.1;0.1;0.8;2.7
313;John Konchar;SG;25;MEM;72;17.9;1.9;3.6;0.7;1.8;1.2;1.9;0.4;0.7;4.6;1.5;0.6;0.3;0.4;1.3;4.8
314;Furkan Korkmaz;SG;24;PHI;67;21.1;2.7;7;1.1;4;1.6;3;1;1.3;2.6;1.9;0.5;0.1;0.7;0.9;7.6
315;Luke Kornet;C;26;TOT;15;6.9;0.9;1.8;0;0.3;0.9;1.5;0.3;0.4;1.9;0.6;0.2;0.2;0;0.6;2
315;Luke Kornet;C;26;CLE;2;7.5;0.5;2.5;0;0.5;0.5;2;1;1.5;1.5;0.5;0;0.5;0;0.5;2
315;Luke Kornet;C;26;MIL;1;3;0;1;0;0;0;1;0;0;1;0;0;0;0;1;0
315;Luke Kornet;C;26;BOS;12;7.1;1;1.8;0;0.3;1;1.4;0.2;0.3;2.1;0.7;0.3;0.2;0;0.6;2.2
316;Vit Krejci;SG;21;OKC;30;23;2.3;5.6;1.1;3.3;1.2;2.3;0.6;0.7;3.4;1.9;0.6;0.3;1;2.2;6.2
317;Arnoldas Kulboka;SF;24;CHO;2;2.5;0;0.5;0;0.5;0;0;0;0;0;0;0;0;0;0.5;0
318;Jonathan Kuminga;SF;19;GSW;70;16.9;3.4;6.6;0.7;2.1;2.7;4.4;1.9;2.7;3.3;0.9;0.4;0.3;1.1;2.1;9.3
319;Kyle Kuzma;PF;26;WAS;66;33.4;6.4;14.2;1.9;5.7;4.5;8.5;2.4;3.3;8.5;3.5;0.6;0.9;2.6;1.9;17.1
320;Anthony Lamb;SF;24;SAS;2;4;0;1;0;1;0;0;0;0;0.5;1;0;0;0;0;0
321;Jeremy Lamb;SF-SG;29;TOT;56;16.7;2.4;6.2;1;3;1.4;3.2;1.6;1.9;2.8;1.4;0.6;0.4;0.7;1.1;7.3
321;Jeremy Lamb;SF;29;IND;39;15.7;2.2;5.8;1;3;1.2;2.8;1.7;2.1;2.4;1.3;0.6;0.4;0.6;1.1;7.1
321;Jeremy Lamb;SG;29;SAC;17;18.9;2.8;7;0.9;3.1;1.9;3.9;1.3;1.5;3.5;1.8;0.5;0.5;0.8;0.9;7.9
322;Jock Landale;C;26;SAS;54;10.9;1.9;3.8;0.5;1.6;1.3;2.1;0.6;0.8;2.6;0.8;0.2;0.3;0.6;1;4.9
323;Romeo Langford;SG;22;TOT;48;16.1;1.7;4;0.6;1.8;1.1;2.2;0.5;0.9;2.3;0.4;0.5;0.3;0.3;1;4.5
323;Romeo Langford;SG;22;BOS;44;16.5;1.8;4.2;0.7;1.9;1.1;2.3;0.5;0.8;2.4;0.4;0.5;0.4;0.4;1;4.7
323;Romeo Langford;SG;22;SAS;4;10.8;1;1.8;0;0.5;1;1.3;0.8;2;1;0.5;0.3;0;0;0.3;2.8
324;Zach LaVine;SF;26;CHI;67;34.7;8.4;17.7;2.8;7.1;5.7;10.6;4.8;5.6;4.6;4.5;0.6;0.3;2.6;1.8;24.4
325;Jake Layman;SF;27;MIN;34;6.8;0.9;2.1;0.2;1;0.6;1.1;0.4;0.5;1.1;0.3;0.2;0.1;0.3;0.4;2.4
326;Damion Lee;SG;29;GSW;63;19.9;2.7;6.1;1;3;1.7;3.1;1;1.2;3.2;1;0.6;0.1;0.6;1.5;7.4
327;Saben Lee;PG;22;DET;37;16.3;1.9;4.8;0.4;1.6;1.5;3.2;1.5;1.9;2.4;2.9;1;0.3;1;1.2;5.6
328;Alex Len;C;28;SAC;39;15.9;2.4;4.5;0.2;0.5;2.3;4;1.1;1.6;4.1;1.2;0.3;0.6;1.1;2.6;6
329;Caris LeVert;SG;27;TOT;58;30.7;6.5;14.7;1.4;4.4;5.1;10.3;2.5;3.3;3.7;4.3;0.9;0.4;1.9;2.3;17
329;Caris LeVert;SG;27;IND;39;31.1;7.1;15.9;1.6;4.8;5.6;11.1;2.8;3.7;3.8;4.4;0.9;0.5;1.9;2.3;18.7
329;Caris LeVert;SG;27;CLE;19;29.8;5.3;12.2;1.1;3.5;4.2;8.7;1.8;2.5;3.4;3.9;0.8;0.3;1.7;2.1;13.6
330;Kira Lewis Jr.;PG;20;NOP;24;14.2;2.5;6.1;0.5;2.4;1.9;3.7;0.4;0.5;1.6;2;0.5;0;1.1;0.7;5.9
331;Scottie Lewis;SG;21;CHO;2;3.5;0;0;0;0;0;0;0.5;1;0;0.5;0.5;0;0;0;0.5
332;Damian Lillard;PG;31;POR;29;36.4;7.7;19;3.2;9.8;4.5;9.2;5.5;6.2;4.1;7.3;0.6;0.4;2.9;1.3;24
333;Nassir Little;SF;21;POR;42;25.9;3.5;7.5;1.2;3.7;2.2;3.8;1.6;2.2;5.6;1.3;0.6;0.9;1;2;9.8
334;Isaiah Livers;SF;23;DET;19;20.2;2.2;4.7;1.4;3.4;0.7;1.4;0.6;0.7;3;1.1;0.7;0.4;0.8;1.9;6.4
335;Kevon Looney;C;25;GSW;82;21.1;2.5;4.4;0;0;2.5;4.4;0.9;1.5;7.3;2;0.6;0.6;0.8;2.6;6
336;Brook Lopez;C;33;MIL;13;22.9;4.7;10.1;1.5;4.1;3.2;6;1.5;1.8;4.1;0.5;0.6;1.2;0.9;2.6;12.4
337;Robin Lopez;C;33;ORL;36;17;3.1;5.5;0.1;0.2;3;5.4;0.9;1.5;3.5;1.5;0.1;0.5;1.2;1.9;7.1
338;Didi Louzada;SG-SF;22;TOT;9;14.3;1.3;3.7;1;2.6;0.3;1.1;0.2;0.2;1.9;0.6;0.2;0.2;0.6;1.4;3.9
338;Didi Louzada;SF;22;NOP;2;3.5;0;1.5;0;1.5;0;0;0;0;1;0.5;0;0;0;0;0
338;Didi Louzada;SG;22;POR;7;17.4;1.7;4.3;1.3;2.9;0.4;1.4;0.3;0.3;2.1;0.6;0.3;0.3;0.7;1.9;5
339;Kevin Love;PF;33;CLE;74;22.5;4.4;10.3;2.5;6.4;1.9;3.8;2.2;2.7;7.2;2.2;0.4;0.2;1.3;1.4;13.6
340;Kyle Lowry;PG;35;MIA;63;33.9;4.4;10;2.3;6.1;2.1;3.9;2.3;2.8;4.5;7.5;1.1;0.3;2.7;2.8;13.4
341;Gabriel Lundberg;SG;27;PHO;4;11;1.3;4.8;0.8;2;0.5;2.8;0;0;1.8;2.8;0.8;0;0.8;1.8;3.3
342;Timothé Luwawu-Cabarrot;SF;26;ATL;52;13.2;1.4;3.6;0.8;2.3;0.6;1.2;0.7;0.8;1.6;0.8;0.3;0.1;0.4;1.5;4.4
343;Trey Lyles;PF;26;TOT;75;20.5;3.5;7.5;0.9;2.8;2.6;4.7;2.6;3.2;5.1;1.2;0.4;0.4;1;1.6;10.5
343;Trey Lyles;PF;26;DET;51;19.4;3.4;7.5;0.9;2.9;2.6;4.7;2.7;3.5;4.8;1.1;0.4;0.5;1.1;1.8;10.4
343;Trey Lyles;PF;26;SAC;24;22.8;3.6;7.4;1;2.6;2.7;4.8;2.4;2.8;5.6;1.3;0.3;0.3;0.8;1.3;10.6
344;Théo Maledon;PG;20;OKC;51;17.8;2.3;6.2;0.9;2.9;1.5;3.3;1.5;2;2.6;2.2;0.6;0.2;1.3;1.3;7.1
345;Sandro Mamukelashvili;PF;22;MIL;41;9.9;1.4;2.8;0.5;1.3;0.9;1.5;0.4;0.5;2;0.5;0.2;0.2;0.4;0.7;3.8
346;Terance Mann;SF;25;LAC;81;28.6;4.1;8.5;0.9;2.6;3.2;6;1.6;2;5.2;2.6;0.7;0.3;1;2.2;10.8
347;Tre Mann;PG;20;OKC;60;22.8;3.9;9.8;1.6;4.5;2.2;5.3;1.1;1.4;2.9;1.5;0.8;0.2;1.2;1.7;10.4
348;Boban Marjanovi?;C;33;DAL;23;5.6;1.8;3;0;0.2;1.8;2.9;0.6;1;1.7;0.1;0;0.1;0.7;1;4.3
349;Lauri Markkanen;PF;24;CLE;61;30.8;5.1;11.5;2.2;6.2;2.9;5.3;2.3;2.6;5.7;1.3;0.7;0.5;0.9;2.1;14.8
350;Naji Marshall;SF;24;NOP;55;13.4;2;4.9;0.4;1.9;1.6;3;1.3;1.7;2.6;1.1;0.6;0.1;0.8;1.3;5.7
351;Caleb Martin;SF;26;MIA;60;22.9;3.5;6.8;1.1;2.6;2.4;4.3;1.2;1.6;3.8;1.1;1;0.5;0.9;1.7;9.2
352;Cody Martin;SF;26;CHO;71;26.3;2.9;6;0.9;2.2;2;3.7;1.1;1.5;4;2.5;1.2;0.5;0.9;1.6;7.7
353;Kelan Martin;SF;26;TOT;30;15;2.3;5.7;0.7;2.5;1.6;3.2;0.3;0.4;1.8;0.7;0.4;0.3;0.5;1.2;5.7
353;Kelan Martin;SF;26;IND;27;16.4;2.6;6.2;0.8;2.7;1.8;3.5;0.3;0.5;2;0.8;0.5;0.3;0.5;1.3;6.3
353;Kelan Martin;SF;26;BOS;3;2;0;1;0;0.3;0;0.7;0;0;0.7;0;0;0;0;0;0
354;Kenyon Martin Jr.;SF;21;HOU;79;21;3.5;6.6;0.8;2.1;2.8;4.5;1;1.6;3.8;1.3;0.4;0.5;0.8;1.4;8.8
355;Garrison Mathews;SG;25;HOU;65;26.3;2.8;7.1;2.1;5.9;0.7;1.2;2.2;2.8;2.9;1;0.9;0.4;0.6;2.6;10
356;Dakota Mathias;SG;26;MEM;6;2.7;0.3;1;0.3;1;0;0;0;0;0.3;0.2;0.2;0;0;0.2;1
357;Wesley Matthews;SG;35;MIL;49;20.4;1.8;4.5;1.1;3.2;0.7;1.3;0.4;0.6;1.9;0.7;0.5;0.2;0.4;1.8;5.1
358;Tyrese Maxey;PG;21;PHI;75;35.3;6.4;13.3;1.8;4.1;4.7;9.1;2.8;3.3;3.2;4.3;0.7;0.4;1.2;2.1;17.5
359;Skylar Mays;SG;24;ATL;28;7.9;1.1;2.3;0.3;0.9;0.9;1.4;0.3;0.3;0.9;0.6;0.3;0;0.4;0.3;2.9
360;Miles McBride;PG;21;NYK;40;9.3;0.8;2.7;0.4;1.7;0.4;1;0.2;0.3;1.1;1;0.4;0;0.1;1.1;2.2
361;Mac McClung;SG-PG;23;TOT;2;12.5;1.5;3;0.5;1.5;1;1.5;0.5;0.5;1.5;0.5;0.5;0.5;1.5;2.5;4
361;Mac McClung;PG;23;CHI;1;3;1;1;0;0;1;1;0;0;0;0;0;0;1;0;2
361;Mac McClung;SG;23;LAL;1;22;2;5;1;3;1;2;1;1;3;1;1;1;2;5;6
362;CJ McCollum;SG;30;TOT;62;34.6;8.6;18.8;2.9;7.6;5.7;11.2;1.9;2.7;4.3;5.1;1.1;0.4;2;2;22.1
362;CJ McCollum;SG;30;POR;36;35.2;8.1;18.5;3.1;8;5;10.4;1.3;1.9;4.3;4.5;1;0.6;1.9;2.1;20.5
362;CJ McCollum;SG;30;NOP;26;33.8;9.5;19.2;2.7;6.9;6.7;12.3;2.6;3.9;4.5;5.8;1.3;0;2.2;1.7;24.3
363;T.J. McConnell;PG;29;IND;27;24.1;3.7;7.7;0.4;1.2;3.3;6.5;0.7;0.9;3.3;4.9;1.1;0.4;1.1;2;8.5
364;Jaden McDaniels;PF;21;MIN;70;25.8;3.6;7.9;1.1;3.6;2.5;4.3;0.8;1;4.2;1.1;0.7;0.8;1.1;3.2;9.2
365;Jalen McDaniels;SF;24;CHO;55;16.3;2.2;4.6;0.7;2;1.5;2.7;1;1.3;3.1;1.1;0.5;0.4;0.7;1.7;6.2
366;Doug McDermott;PF;30;SAS;51;24;4.2;9.1;2.1;5;2.1;4.1;0.8;1;2.3;1.3;0.3;0.1;0.8;1.5;11.3
367;JaVale McGee;C;34;PHO;74;15.8;3.9;6.2;0;0.1;3.9;6.1;1.4;2;6.7;0.6;0.3;1.1;1.3;2.4;9.2
368;Cameron McGriff;SF;24;POR;3;15.3;1.7;4.7;0.7;2;1;2.7;0.7;0.7;5;1;0;0.3;0;2.3;4.7
369;Rodney McGruder;SG;30;DET;51;14.8;1.9;4.4;1.1;2.9;0.8;1.5;0.4;0.5;2.2;0.9;0.4;0.1;0.5;1.1;5.4
370;Alfonzo McKinnie;SF;29;CHI;17;12.1;1.4;3.6;0.5;1.6;0.9;2;0.1;0.5;1.9;0.3;0.1;0.2;0.4;1.5;3.5
371;JaQuori McLaughlin;PG;24;DAL;4;2.8;0;0.5;0;0.3;0;0.3;0;0;0;0.5;0;0;0;0.3;0
372;Jordan McLaughlin;PG;25;MIN;62;14.5;1.4;3.2;0.4;1.4;1;1.9;0.5;0.6;1.5;2.9;0.9;0.2;0.6;0.9;3.8
373;Ben McLemore;SG;28;POR;64;20.1;3.4;8.4;2.4;6.5;1;1.9;1.1;1.4;1.6;0.9;0.6;0.2;0.9;1.6;10.2
374;De'Anthony Melton;SG;23;MEM;73;22.7;3.8;9.5;1.9;5.1;1.9;4.4;1.2;1.6;4.5;2.7;1.4;0.5;1.5;1.8;10.8
375;Sam Merrill;SG;25;MEM;6;9.7;1.3;4;1.2;3.8;0.2;0.2;0.3;0.7;1.2;0.7;0;0;0.3;0.5;4.2
376;Chimezie Metu;C;24;SAC;60;21.3;3.4;7.5;1;3.1;2.4;4.4;1.2;1.5;5.6;1;0.9;0.5;1;1.6;8.9
377;Khris Middleton;SF;30;MIL;66;32.4;6.8;15.5;2.5;6.6;4.4;8.9;3.9;4.4;5.4;5.4;1.2;0.3;2.9;2.4;20.1
378;C.J. Miles;SG;34;BOS;1;2;0;0;0;0;0;0;0;0;0;0;0;0;0;1;0
379;Patty Mills;PG;33;BRK;81;29;4;9.8;2.8;7;1.2;2.8;0.6;0.7;1.9;2.3;0.6;0.2;0.9;1.4;11.4
380;Paul Millsap;PF;36;TOT;33;11.4;1.4;3.5;0.2;1.1;1.1;2.4;0.5;0.7;3.5;0.9;0.3;0.4;0.6;2;3.5
380;Paul Millsap;PF;36;BRK;24;11.3;1.3;3.5;0.3;1.1;1.1;2.4;0.5;0.7;3.7;1;0.2;0.5;0.5;2;3.4
380;Paul Millsap;PF;36;PHI;9;11.8;1.4;3.3;0.2;0.9;1.2;2.4;0.6;0.8;2.8;0.6;0.6;0.2;0.9;2.1;3.7
381;Shake Milton;PG;25;PHI;55;21.4;3.1;7.3;0.8;2.4;2.4;4.9;1.1;1.3;2.6;2.5;0.5;0.3;0.8;1.8;8.2
382;Davion Mitchell;PG;23;SAC;75;27.7;4.7;11.2;1.3;4.3;3.3;7;0.7;1.1;2.2;4.2;0.7;0.3;1.5;1.9;11.5
383;Donovan Mitchell;SG;25;UTA;67;33.8;9.2;20.5;3.5;9.8;5.7;10.8;4;4.7;4.2;5.3;1.5;0.2;3;2.4;25.9
384;Evan Mobley;PF;20;CLE;69;33.8;6.1;12;0.3;1.3;5.8;10.7;2.4;3.7;8.3;2.5;0.8;1.7;1.9;2.1;15
385;Malik Monk;SG;23;LAL;76;28.1;5.1;10.9;2.3;5.8;2.9;5.1;1.2;1.5;3.4;2.9;0.8;0.4;1.6;1.8;13.8
386;Greg Monroe;C;31;TOT;14;13.9;2.3;4.1;0;0;2.3;4.1;0.9;1.6;4.6;1.6;0.6;0.7;0.9;1.7;5.4
386;Greg Monroe;C;31;MIN;4;20.3;3.3;5.5;0;0;3.3;5.5;0.8;1.8;6;4;1;1.5;1.8;2.3;7.3
386;Greg Monroe;C;31;WAS;2;9;2;4;0;0;2;4;0;0;5;0.5;0.5;0.5;1;1;4
386;Greg Monroe;C;31;MIL;5;14;2.2;4.4;0;0;2.2;4.4;1;1.8;4.2;0.4;0.6;0.4;0.6;1.4;5.4
386;Greg Monroe;C;31;UTA;3;8.7;1.3;1.7;0;0;1.3;1.7;1.3;2.3;3;1;0;0.3;0;2;4
387;Moses Moody;SG;19;GSW;52;11.7;1.5;3.5;0.8;2.1;0.8;1.4;0.5;0.7;1.5;0.4;0.1;0.2;0.3;0.8;4.4
388;Xavier Moon;SG;27;LAC;10;13.7;2.5;5.1;0.5;1.4;2;3.7;0.3;0.5;1.4;2.4;0.7;0.3;0.6;0.9;5.8
389;Matt Mooney;SG;24;NYK;1;2;0;1;0;1;0;0;0;0;0;0;1;0;1;0;0
390;Ja Morant;PG;22;MEM;57;33.1;10.2;20.6;1.5;4.5;8.6;16.2;5.5;7.3;5.7;6.7;1.2;0.4;3.4;1.5;27.4
391;Juwan Morgan;PF;24;TOT;2;15.5;1;1.5;0.5;1;0.5;0.5;0;0;2;0.5;0;0;0;1.5;2.5
391;Juwan Morgan;PF;24;TOR;1;27;2;3;1;2;1;1;0;0;4;1;0;0;0;3;5
391;Juwan Morgan;PF;24;BOS;1;4;0;0;0;0;0;0;0;0;0;0;0;0;0;0;0
392;Jaylen Morris;SG;26;SAS;3;5.3;0;2;0;0.7;0;1.3;0.7;1.3;0.7;0.7;0;0;0.3;0.7;0.7
393;Marcus Morris;PF;32;LAC;54;29;5.6;12.8;1.9;5.1;3.7;7.7;2.4;2.7;4.4;2.1;0.5;0.3;1.3;2.1;15.4
394;Markieff Morris;PF;32;MIA;17;17.5;3.2;6.7;0.8;2.3;2.4;4.4;0.5;0.5;2.6;1.4;0.4;0.1;1.2;1.9;7.6
395;Monte Morris;PG;26;DEN;75;29.9;5;10.3;1.7;4.2;3.3;6.1;1;1.1;3;4.4;0.7;0.2;1;1.2;12.6
396;Emmanuel Mudiay;PG;25;SAC;2;5.5;0;1;0;0;0;1;1.5;2;0;2;0.5;0;0.5;0.5;1.5
397;Mychal Mulder;PG;27;TOT;17;14.1;1.4;4.5;1;3.2;0.4;1.4;0.2;0.2;1.4;0.3;0.2;0.1;0.5;0.8;4.1
397;Mychal Mulder;PG;27;ORL;15;13;1.3;4.5;0.9;3.1;0.5;1.4;0.1;0.1;1.4;0.2;0.3;0.1;0.5;0.8;3.7
397;Mychal Mulder;PG;27;MIA;2;22;2;5;2;4;0;1;1;1;1.5;1;0;0.5;0;0.5;7
398;Ade Murkey;SG;24;SAC;1;1;0;0;0;0;0;0;0;0;0;0;0;0;0;0;0
399;Trey Murphy III;SF;21;NOP;62;13.9;1.8;4.5;1.1;3;0.6;1.5;0.7;0.8;2.4;0.6;0.4;0.1;0.3;1;5.4
400;Dejounte Murray;PG;25;SAS;68;34.8;8.4;18.3;1.4;4.3;7;13.9;2.9;3.6;8.3;9.2;2;0.3;2.6;2;21.1
401;Mike Muscala;C;30;OKC;43;13.8;2.6;5.8;1.6;3.8;1;2;1.1;1.3;3;0.5;0.4;0.6;0.3;1.3;8
402;Svi Mykhailiuk;SF;24;TOR;56;12.8;1.6;4.2;0.7;2.4;0.9;1.8;0.6;0.7;1.6;0.8;0.5;0.1;0.6;1;4.6
403;Abdel Nader;SF;28;PHO;14;10.4;0.9;2.5;0.3;1;0.6;1.5;0.4;0.7;1.9;0.5;0.6;0.3;0.8;1.4;2.4
404;Larry Nance Jr.;PF;29;TOT;46;22.6;2.8;5.4;0.5;1.5;2.3;3.8;0.9;1.2;5.4;1.8;0.9;0.4;0.8;1.8;7
404;Larry Nance Jr.;PF;29;POR;37;23.2;2.8;5.4;0.5;1.7;2.2;3.7;0.9;1.3;5.6;2;1;0.4;0.7;1.8;6.9
404;Larry Nance Jr.;PF;29;NOP;9;20.2;3;5.4;0.4;0.9;2.6;4.6;0.9;0.9;4.3;0.9;0.6;0.8;1.1;1.9;7.3
405;RJ Nembhard Jr.;SG;22;CLE;14;4.5;0.4;1.3;0;0.1;0.4;1.1;0.2;0.3;0.5;0.9;0.1;0;0.2;0.1;1.1
406;Aaron Nesmith;SF;22;BOS;52;11;1.4;3.5;0.6;2.2;0.8;1.3;0.4;0.5;1.7;0.4;0.4;0.1;0.6;1.3;3.8
407;Raul Neto;PG;29;WAS;70;19.6;2.9;6.3;0.5;1.7;2.4;4.6;1.2;1.5;1.9;3.1;0.8;0;1.1;1.5;7.5
408;Malik Newman;PG;24;CLE;1;8;3;5;0;1;3;4;2;2;1;1;0;0;1;0;8
409;Georges Niang;PF;28;PHI;76;22.8;3.2;7.4;2.1;5.1;1.2;2.3;0.7;0.8;2.7;1.3;0.4;0.2;0.8;2.5;9.2
410;Daishen Nix;SG;19;HOU;24;10.9;1.1;2.8;0.3;1.1;0.8;1.7;0.7;1.3;1.4;1.7;0.6;0;1.1;0.9;3.2
411;Zeke Nnaji;PF;21;DEN;41;17;2.3;4.5;0.9;2;1.4;2.6;1;1.6;3.6;0.4;0.4;0.3;0.6;1.9;6.6
412;Nerlens Noel;C;27;NYK;25;22.5;1.3;2.4;0;0.1;1.3;2.3;0.8;1.2;5.6;0.9;1.2;1.2;0.8;2.7;3.4
413;Jaylen Nowell;SG;22;MIN;62;15.7;3.2;6.7;1;2.6;2.1;4.1;1.2;1.5;2;2.1;0.4;0.2;0.6;1.2;8.5
414;Frank Ntilikina;PG;23;DAL;58;11.8;1.5;3.8;0.7;1.9;0.9;1.9;0.4;0.4;1.4;1.2;0.5;0.1;0.5;1.1;4.1
415;Jusuf Nurki?;C;27;POR;56;28.2;5.7;10.7;0.3;1;5.5;9.7;3.3;4.8;11.1;2.8;1.1;0.6;2.6;3.4;15
416;David Nwaba;SF;29;HOU;46;13.2;1.8;3.8;0.3;1.1;1.5;2.8;1;1.5;3.3;0.8;0.6;0.4;0.5;1.2;5.1
417;Jordan Nwora;SF;23;MIL;62;19.1;3;7.5;1.3;3.7;1.7;3.8;0.6;0.7;3.6;1;0.4;0.3;0.9;1.3;7.9
418;Royce O'Neale;SF;28;UTA;77;31.2;2.6;5.8;1.5;4;1.1;1.8;0.6;0.7;4.8;2.5;1.1;0.4;1;2.4;7.4
419;Semi Ojeleye;PF;27;TOT;30;13.5;1;3.3;0.5;1.7;0.5;1.6;0.8;1;2.5;0.3;0.2;0.2;0.3;1;3.3
419;Semi Ojeleye;PF;27;MIL;20;15.4;0.9;3.5;0.6;2.1;0.4;1.5;0.5;0.7;2.9;0.3;0.3;0.3;0.3;1.3;2.9
419;Semi Ojeleye;PF;27;LAC;10;9.8;1.2;2.9;0.4;0.9;0.8;2;1.3;1.6;1.6;0.4;0.2;0.1;0.4;0.4;4.1
420;Chuma Okeke;PF;23;ORL;70;25;3.1;8.2;1.7;5.3;1.4;2.9;0.8;0.9;5;1.7;1.4;0.6;0.8;1.4;8.6
421;Josh Okogie;SG;23;MIN;49;10.5;0.9;2.1;0.3;1;0.6;1.2;0.7;1;1.4;0.5;0.5;0.2;0.5;1.1;2.7
422;Onyeka Okongwu;C;21;ATL;48;20.7;3.3;4.7;0;0;3.3;4.7;1.7;2.3;5.9;1.1;0.6;1.3;0.9;3.1;8.2
423;Isaac Okoro;SF;21;CLE;67;29.6;3.1;6.4;0.8;2.3;2.3;4.1;1.8;2.3;3;1.8;0.8;0.3;0.9;2.4;8.8
424;KZ Okpala;PF;22;MIA;21;11.6;1.4;3.3;0.4;1.2;1;2;0.4;0.5;2;0.7;0.2;0.3;0.2;1.2;3.7
425;Victor Oladipo;SG;29;MIA;8;21.6;4.4;9.1;1.9;4.5;2.5;4.6;1.8;2.4;2.9;3.5;0.6;0.1;2;1.6;12.4
426;Cameron Oliver;SF;25;ATL;2;21.5;5;7.5;0.5;1.5;4.5;6;1;1.5;3;1.5;0.5;0.5;0;2.5;11.5
427;Kelly Olynyk;C;30;DET;40;19.1;3.2;7.2;1;3;2.2;4.2;1.7;2.2;4.4;2.8;0.8;0.5;1.5;2.5;9.1
428;Eugene Omoruyi;SF;24;DAL;4;4.5;0.5;1.3;0.3;0.5;0.3;0.8;0.5;1;1.8;0.5;0;0;0;0.5;1.8
429;Miye Oni;SG;24;UTA;16;2.8;0.1;0.6;0.1;0.5;0.1;0.1;0;0.1;0.4;0.3;0;0;0.1;0.4;0.3
430;Cedi Osman;SF;26;CLE;66;22.2;3.7;8.7;1.9;5.4;1.8;3.2;1.3;2;2.2;2;0.8;0.2;1;1.9;10.7
431;Daniel Oturu;C;22;TOR;3;9;1;2;0;0.3;1;1.7;1;1.7;1.7;0;0;0.7;0;0.3;3
432;Kelly Oubre Jr.;SF;26;CHO;76;26.3;5.4;12.3;2.5;7.3;2.9;5;1.7;2.5;4;1.1;1;0.4;0.9;2.5;15
433;Jaysean Paige;PG;27;DET;1;7;0;3;0;2;0;1;0;0;1;1;0;0;1;2;0
434;Trayvon Palmer;SG;27;DET;1;17;0;1;0;0;0;1;0;0;2;0;0;0;1;2;0
435;Kevin Pangos;PG;29;CLE;24;6.9;0.6;1.9;0.3;1.1;0.4;0.8;0.1;0.2;0.5;1.3;0.1;0;0.3;0.5;1.6
436;Jabari Parker;PF;26;BOS;12;9.3;1.5;3.2;0.7;1.3;0.8;1.8;0.8;0.8;2.3;0.5;0.3;0.1;0.7;1.1;4.4
437;Eric Paschall;PF;25;UTA;58;12.7;2;4.1;0.7;1.9;1.3;2.2;1.1;1.5;1.8;0.6;0.2;0.1;0.5;0.9;5.8
438;Chris Paul;PG;36;PHO;65;32.9;5.6;11.3;1;3.1;4.6;8.3;2.6;3.1;4.4;10.8;1.9;0.3;2.4;2.1;14.7
439;Cameron Payne;PG;27;PHO;58;22;4.1;10.1;1.2;3.6;2.9;6.5;1.3;1.5;3;4.9;0.7;0.3;1.8;2.1;10.8
440;Elfrid Payton;PG;27;PHO;50;11;1.3;3.5;0.1;0.4;1.3;3.1;0.2;0.6;1.8;2;0.5;0.1;0.9;0.8;3
441;Gary Payton II;PG;29;GSW;71;17.6;3;4.8;0.6;1.7;2.4;3.2;0.5;0.8;3.5;0.9;1.4;0.3;0.6;1.8;7.1
442;Norvel Pelle;C;28;UTA;3;6.3;1;1.7;0;0;1;1.7;0;0;2;0;0;0.3;0.7;0.3;2
443;Reggie Perry;PF;21;TOT;10;18.7;4;7.9;0.3;1.6;3.7;6.3;0.9;1.5;4.7;1.2;0.9;0.6;1.1;3.3;9.2
443;Reggie Perry;PF;21;POR;9;19.7;4.3;8.7;0.3;1.8;4;6.9;1;1.7;5.1;1.3;1;0.7;1.2;3.3;10
443;Reggie Perry;PF;21;IND;1;10;1;1;0;0;1;1;0;0;1;0;0;0;0;3;2
444;Jamorko Pickett;PF;24;DET;13;13.5;1.4;3.8;1;3;0.4;0.8;0.1;0.2;2.5;0.5;0;0.5;0.4;0.9;3.8
445;Theo Pinson;SF;26;DAL;19;7.8;0.7;2.1;0.5;1.6;0.2;0.5;0.5;0.5;1.1;0.9;0.3;0.1;0.3;0.6;2.5
446;Mason Plumlee;C;31;CHO;73;24.6;2.8;4.4;0;0;2.8;4.4;0.9;2.3;7.7;3.1;0.8;0.7;1.4;3.1;6.5
447;Jakob Poeltl;C;26;SAS;68;29;6;9.8;0;0;6;9.7;1.4;2.8;9.3;2.8;0.7;1.7;1.6;3.1;13.5
448;Aleksej Pokusevski;PF;20;OKC;61;20.2;3;7.5;0.9;3.2;2.1;4.2;0.6;0.8;5.2;2.1;0.6;0.6;1.5;1.4;7.6
449;Yves Pons;SF;22;MEM;12;5.9;0.4;1.3;0.3;0.8;0.2;0.6;0;0.2;1;0.1;0.1;0.3;0.1;0.5;1.1
450;Jordan Poole;SG;22;GSW;76;30;6.2;13.9;2.8;7.6;3.5;6.3;3.2;3.5;3.4;4;0.8;0.3;2.5;2.7;18.5
451;Kevin Porter Jr.;PG;21;HOU;61;31.3;5.5;13.2;2.5;6.8;3;6.5;2;3.2;4.4;6.2;1.1;0.4;3.1;2.6;15.6
452;Michael Porter Jr.;SF;23;DEN;9;29.4;4.1;11.4;1.1;5.3;3;6.1;0.6;1;6.6;1.9;1.1;0.2;1.3;1.8;9.9
453;Otto Porter Jr.;PF;28;GSW;63;22.2;3.1;6.6;1.3;3.4;1.8;3.2;0.8;1;5.7;1.5;1.1;0.5;0.6;1.3;8.2
454;Bobby Portis;C;26;MIL;72;28.2;5.8;12.1;1.8;4.7;3.9;7.4;1.2;1.6;9.1;1.2;0.7;0.7;1.3;2.4;14.6
455;Kristaps Porzi??is;PF;26;TOT;51;29;6.9;15;1.5;4.9;5.4;10.1;4.9;5.6;8.1;2.3;0.7;1.6;1.6;2.7;20.2
455;Kristaps Porzi??is;PF;26;DAL;34;29.5;6.7;14.9;1.4;5.1;5.3;9.9;4.3;5;7.7;2;0.7;1.7;1.6;2.6;19.2
455;Kristaps Porzi??is;PF;26;WAS;17;28.2;7.2;15.2;1.7;4.6;5.5;10.6;5.9;6.8;8.8;2.9;0.7;1.5;1.6;2.9;22.1
456;Micah Potter;C;23;DET;3;10.3;1.7;3.7;0;0.7;1.7;3;0.7;0.7;3;0;0.3;0.3;0.3;1.3;4
457;Dwight Powell;C;30;DAL;82;21.9;3.3;4.9;0.2;0.5;3.1;4.4;2;2.6;4.9;1.2;0.5;0.5;0.8;2.7;8.7
458;Myles Powell;PG;24;PHI;11;4.7;0.5;1.5;0.1;0.5;0.4;1;0.2;0.2;0.5;0.3;0.1;0;0.3;0.7;1.2
459;Norman Powell;SF-SG;28;TOT;45;32.4;6.2;13.4;2.4;5.6;3.8;7.8;4.2;5.2;3.2;2.1;0.9;0.5;1.5;2.4;19
459;Norman Powell;SF;28;POR;40;33.3;6.2;13.6;2.3;5.7;3.9;7.8;4;5;3.3;2.1;1;0.4;1.6;2.3;18.7
459;Norman Powell;SG;28;LAC;5;25;6.4;12.6;2.6;4.8;3.8;7.8;6;7;2.8;2.8;0.4;0.8;1.4;2.8;21.4
460;Joshua Primo;SG;19;SAS;50;19.3;2;5.4;0.8;2.7;1.2;2.7;0.9;1.2;2.3;1.6;0.4;0.5;1.1;1.6;5.8
461;Taurean Prince;PF;27;MIN;69;17.1;2.6;5.7;1.2;3.3;1.3;2.3;0.9;1.2;2.5;1;0.7;0.3;0.8;1.7;7.3
462;Payton Pritchard;SG;24;BOS;71;14.1;2.3;5.3;1.4;3.5;0.8;1.8;0.3;0.3;1.9;2;0.4;0.1;0.6;0.9;6.2
463;Trevelin Queen;SG;24;HOU;10;7.4;1.5;3.3;0.9;2.4;0.6;0.9;0.4;0.4;1.6;0.4;0.5;0.1;0.7;0.6;4.3
464;Neemias Queta;C;22;SAC;14;8.6;1.2;2.7;0;0;1.2;2.7;0.8;1.2;2.2;0.4;0.1;0.6;0.4;1.3;3.2
465;Immanuel Quickley;PG;22;NYK;78;23.1;3.6;9.3;1.8;5.1;1.9;4.2;2.3;2.6;3.2;3.5;0.7;0;1.3;2.1;11.3
466;Jahmi'us Ramsey;SG;20;SAC;19;7.1;1.3;3.1;0.3;0.9;1;2.1;0.4;0.7;0.7;0.4;0.1;0.1;0.3;0.5;3.2
467;Julius Randle;PF;27;NYK;72;35.3;7.1;17.3;1.7;5.4;5.4;11.9;4.2;5.6;9.9;5.1;0.7;0.5;3.4;2.8;20.1
468;Austin Reaves;SG;23;LAL;61;23.2;2.4;5.2;0.9;2.7;1.5;2.5;1.6;1.9;3.2;1.8;0.5;0.3;0.7;1.4;7.3
469;Cam Reddish;SF;22;TOT;49;20.7;3.4;8.3;1.3;3.8;2;4.6;2.1;2.3;2.1;1;1;0.3;1.2;1.2;10.1
469;Cam Reddish;SF;22;ATL;34;23.4;4.1;10.1;1.7;4.5;2.4;5.6;2.1;2.4;2.5;1.1;1;0.3;1.3;1.3;11.9
469;Cam Reddish;SF;22;NYK;15;14.3;1.8;4.3;0.5;2.1;1.3;2.3;1.9;2.1;1.4;0.7;0.8;0.3;0.9;1;6.1
470;Davon Reed;SG;26;DEN;48;13.9;1.7;3.4;0.8;1.8;0.9;1.6;0.2;0.3;2.3;1.1;0.5;0.2;0.3;1.3;4.4
471;Paul Reed;C;22;PHI;38;7.9;1.4;2.5;0.1;0.2;1.4;2.3;0.2;0.4;2.4;0.4;0.9;0.4;0.3;1.5;3.1
472;Naz Reid;C;22;MIN;77;15.8;3;6.2;0.7;2.2;2.3;4;1.5;1.9;3.9;0.9;0.5;0.9;1.1;2.2;8.3
473;Nick Richards;C;24;CHO;50;7.3;1.2;1.8;0;0;1.2;1.8;0.6;0.9;1.7;0.3;0.2;0.4;0.5;1;3
474;Josh Richardson;SG;28;TOT;65;24.6;3.6;8.2;1.6;3.8;2;4.4;1.5;1.7;2.8;1.8;0.9;0.4;1;1.8;10.2
474;Josh Richardson;SG;28;BOS;44;24.7;3.5;7.8;1.4;3.5;2;4.3;1.4;1.6;2.8;1.5;0.8;0.5;0.9;1.9;9.7
474;Josh Richardson;SG;28;SAS;21;24.4;3.9;9.1;1.9;4.3;2;4.8;1.7;1.8;2.9;2.3;1;0.3;1.3;1.6;11.4
475;Austin Rivers;SG;29;DEN;67;22.1;2.2;5.2;1.2;3.4;1;1.8;0.5;0.7;1.7;1.3;0.8;0.1;0.8;1.8;6
476;Duncan Robinson;SG;27;MIA;79;25.9;3.7;9.2;2.9;7.9;0.7;1.3;0.6;0.8;2.6;1.6;0.5;0.2;0.8;2.5;10.9
477;Justin Robinson;PG;24;TOT;25;12.2;1.1;3.7;0.7;2.4;0.4;1.3;0.2;0.3;0.8;1.3;0.4;0;0.7;1.1;3.1
477;Justin Robinson;PG;24;MIL;17;11.6;1.1;3.4;0.6;2.2;0.5;1.2;0.1;0.1;0.8;1.2;0.5;0;0.6;1;2.8
477;Justin Robinson;PG;24;SAC;3;5;0.3;2.7;0;1;0.3;1.7;0;0;0.3;0.7;0;0;0.3;0.7;0.7
477;Justin Robinson;PG;24;DET;5;18.2;1.8;5.6;1.6;4.2;0.2;1.4;0.4;1.2;1.4;1.8;0.2;0.2;1;1.6;5.6
478;Mitchell Robinson;C;23;NYK;72;25.7;3.6;4.8;0;0;3.6;4.8;1.2;2.5;8.6;0.5;0.8;1.8;0.8;2.7;8.5
479;Jeremiah Robinson-Earl;C;21;OKC;49;22.2;2.7;6.6;1.2;3.4;1.6;3.2;0.8;1.1;5.6;1;0.6;0.3;0.8;1.5;7.5
480;Isaiah Roby;PF;23;OKC;45;21.1;3.7;7.2;1;2.2;2.7;5;1.7;2.6;4.8;1.6;0.8;0.8;1;2.4;10.1
481;Rajon Rondo;PG;35;TOT;39;17.9;1.7;4.5;0.8;2.3;0.9;2.3;0.5;0.7;2.8;4.4;0.8;0.2;1.7;1.4;4.8
481;Rajon Rondo;PG;35;LAL;18;16.1;1.3;3.9;0.4;1.7;0.8;2.3;0.1;0.1;2.7;3.7;0.7;0.3;1.9;1.4;3.1
481;Rajon Rondo;PG;35;CLE;21;19.4;2.1;5;1.1;2.8;1;2.2;0.9;1.1;2.8;4.9;0.9;0;1.6;1.5;6.2
482;Derrick Rose;PG;33;NYK;26;24.5;4.7;10.5;1.4;3.5;3.3;7;1.2;1.2;3;4;0.8;0.5;1.5;0.6;12
483;Terrence Ross;SG;30;ORL;63;23;3.5;8.8;1.2;4.2;2.3;4.6;1.8;2.1;2.6;1.8;0.4;0.2;1.2;1.1;10
484;Terry Rozier;SG;27;CHO;73;33.7;7.1;16;3;8.1;4.1;7.9;2.1;2.4;4.3;4.5;1.3;0.3;1.3;1.6;19.3
485;Ricky Rubio;PG;31;CLE;34;28.5;4.4;12.1;1.7;5.1;2.6;7;2.6;3;4.1;6.6;1.4;0.2;2.6;2.2;13.1
486;D'Angelo Russell;PG;25;MIN;65;32;6.2;15;2.7;8;3.5;7;3;3.7;3.3;7.1;1;0.3;2.5;2;18.1
487;Matt Ryan;SF;24;BOS;1;5;1;5;1;5;0;0;0;0;0;0;1;0;0;0;3
488;Domantas Sabonis;C-PF;25;TOT;62;34.5;7.1;12.5;0.6;2;6.5;10.5;4;5.4;12.1;5.2;1;0.4;3.1;3.3;18.9
488;Domantas Sabonis;C;25;IND;47;34.7;7;12.1;0.7;2.3;6.3;9.9;4.1;5.5;12.1;5;1;0.5;3;3.1;18.9
488;Domantas Sabonis;PF;25;SAC;15;33.6;7.5;13.5;0.3;1.1;7.2;12.3;3.7;4.9;12.3;5.8;0.9;0.3;3.5;3.8;18.9
489;Olivier Sarr;C;22;OKC;22;19.1;2.6;4.6;0.6;1.3;2;3.3;1.1;1.3;4.2;0.9;0.3;0.7;1;2.4;7
490;Tomáš Satoransk?;SG;30;TOT;55;16.5;1.3;3.5;0.2;1;1.1;2.5;0.8;1;2.3;3.3;0.5;0.1;0.8;1.3;3.6
490;Tomáš Satoransk?;SG;30;NOP;32;15;1;3.3;0.2;1;0.8;2.4;0.6;0.8;2;2.4;0.4;0;0.7;1;2.8
490;Tomáš Satoransk?;SG;30;SAS;1;9;0;0;0;0;0;0;3;4;1;0;0;0;0;0;3
490;Tomáš Satoransk?;SG;30;WAS;22;18.9;1.8;3.8;0.3;1;1.5;2.8;1;1.1;2.8;4.9;0.7;0.2;1;1.7;4.9
491;Jordan Schakel;SG;23;WAS;4;7.5;0.3;2.8;0.3;1.5;0;1.3;0.5;0.5;2;0;0.3;0;0.3;0;1.3
492;Admiral Schofield;SF;24;ORL;38;12.3;1.4;3.4;0.7;2.1;0.7;1.3;0.3;0.4;2.3;0.7;0.1;0.1;0.6;1.5;3.8
493;Dennis Schröder;SG-PG;28;TOT;64;28.7;4.9;11.3;1.3;3.9;3.5;7.4;2.5;2.9;3.3;4.6;0.8;0.1;2.2;2.4;13.5
493;Dennis Schröder;SG;28;BOS;49;29.2;5.2;11.9;1.4;3.9;3.9;8;2.5;3;3.3;4.2;0.8;0.1;2.1;2.4;14.4
493;Dennis Schröder;PG;28;HOU;15;26.9;3.7;9.3;1.3;3.9;2.4;5.5;2.3;2.6;3.3;5.9;0.8;0.2;2.6;2.5;10.9
494;Tre Scott;SF;25;CLE;2;5.5;1.5;3;0;0.5;1.5;2.5;0;0;1;0;0.5;0.5;0;1;3
495;Jay Scrubb;SG;21;LAC;18;6.7;1;2.6;0.3;1.2;0.7;1.4;0.4;0.6;0.9;0.4;0.2;0.2;0.4;0.5;2.7
496;Wayne Selden;SG;27;NYK;3;6.3;0.3;1.3;0.3;0.7;0;0.7;0.7;1.3;0.3;0.3;0;0;0;0.3;1.7
497;Alperen Þengün;C;19;HOU;72;20.7;3.5;7.3;0.4;1.6;3.1;5.7;2.3;3.2;5.5;2.6;0.8;0.9;2;3;9.6
498;Collin Sexton;SG;23;CLE;11;28.7;6.2;13.7;1;4.1;5.2;9.6;2.6;3.5;3.3;2.1;0.9;0;2.8;2.3;16
499;Landry Shamet;SG;24;PHO;69;20.8;2.8;7;1.8;4.8;1;2.2;1;1.2;1.8;1.6;0.4;0.1;0.6;1.3;8.3
500;Day'Ron Sharpe;PF;20;BRK;32;12.2;2.7;4.7;0.1;0.2;2.6;4.4;0.8;1.3;5;0.5;0.3;0.5;0.9;1.9;6.2
501;Pascal Siakam;PF;27;TOR;68;37.9;8.8;17.8;1.1;3.2;7.7;14.5;4.2;5.6;8.5;5.3;1.3;0.6;2.7;3.3;22.8
502;Chris Silva;PF;25;TOT;10;9.1;0.8;1.5;0;0;0.8;1.5;1;1.2;3.6;0.7;0;0.1;0.8;2;2.6
502;Chris Silva;PF;25;MIN;1;3;0;0;0;0;0;0;0;0;1;0;0;0;0;0;0
502;Chris Silva;PF;25;MIA;9;9.8;0.9;1.7;0;0;0.9;1.7;1.1;1.3;3.9;0.8;0;0.1;0.9;2.2;2.9
503;Marko Simonovic;C;22;CHI;9;3.9;0.4;1.7;0.1;0.6;0.3;1.1;0.9;1.2;1.1;0;0.1;0.1;0.2;0.7;1.9
504;Anfernee Simons;SG;22;POR;57;29.5;6.2;14;3.1;7.8;3.1;6.2;1.8;2;2.6;3.9;0.5;0.1;2;1.9;17.3
505;Zavier Simpson;PG;24;OKC;4;43.5;4.8;13;0.3;2;4.5;11;1.3;1.3;5.3;7.5;1.3;1;2.5;3.8;11
506;Jericho Sims;PF;23;NYK;41;13.5;1;1.3;0;0;1;1.3;0.3;0.7;4.1;0.5;0.3;0.5;0.5;1.6;2.2
507;Deividas Sirvydis;SG;21;DET;3;9;0.3;3.3;0.3;2.3;0;1;0;0;2;0.3;1;0.3;0;1.3;1
508;Javonte Smart;PG;22;TOT;17;11.8;1.1;3.5;0.5;1.6;0.6;1.9;0.3;0.4;1.4;0.9;0.4;0.2;0.6;0.7;3
508;Javonte Smart;PG;22;MIL;13;12.3;0.8;3.3;0.3;1.4;0.5;1.9;0.4;0.5;1.5;1.1;0.3;0.2;0.7;0.8;2.4
508;Javonte Smart;PG;22;MIA;4;10;2;4.3;1;2.3;1;2;0;0;1.3;0.5;0.5;0.3;0.5;0.3;5
509;Marcus Smart;PG;27;BOS;71;32.3;4.2;10.1;1.7;5.1;2.5;5;2;2.5;3.8;5.9;1.7;0.3;2.2;2.3;12.1
510;Dennis Smith Jr.;PG;24;POR;37;17.2;2.1;5.1;0.2;0.7;2;4.4;1.1;1.7;2.4;3.6;1.2;0.3;1.4;1.4;5.6
511;Ish Smith;PG;33;TOT;65;17.3;2.8;6.6;0.4;1;2.5;5.6;0.2;0.4;2.2;3.8;0.7;0.4;1.2;1.2;6.3
511;Ish Smith;PG;33;CHO;37;13.8;2;5;0.3;0.7;1.7;4.3;0.3;0.5;1.5;2.6;0.5;0.3;1;0.9;4.5
511;Ish Smith;PG;33;WAS;28;22;4;8.8;0.5;1.5;3.5;7.3;0.1;0.2;3;5.2;1;0.5;1.5;1.6;8.6
512;Jalen Smith;PF;21;TOT;51;18.1;3.5;6.9;0.8;2.4;2.7;4.5;1.5;2;6;0.5;0.3;0.8;0.8;1.9;9.2
512;Jalen Smith;PF;21;PHO;29;13.2;2.2;4.7;0.3;1.3;1.9;3.4;1.4;1.8;4.8;0.2;0.2;0.6;0.8;1.8;6
512;Jalen Smith;PF;21;IND;22;24.7;5.1;9.7;1.4;3.8;3.7;5.9;1.7;2.3;7.6;0.8;0.4;1;0.9;2;13.4
513;Xavier Sneed;SF;24;TOT;9;4.3;0.2;1.1;0.1;0.9;0.1;0.2;0;0;0.7;0.1;0;0;0;0.2;0.6
513;Xavier Sneed;SF;24;MEM;2;4;0;1;0;1;0;0;0;0;1;0;0;0;0;1;0
513;Xavier Sneed;SF;24;UTA;7;4.4;0.3;1.1;0.1;0.9;0.1;0.3;0;0;0.6;0.1;0;0;0;0;0.7
514;Tony Snell;SG;30;TOT;53;15.5;1.3;3.2;0.8;2.4;0.5;0.8;0.1;0.1;1.9;0.5;0.3;0.2;0.4;1.3;3.5
514;Tony Snell;SG;30;POR;38;14.4;0.9;2.6;0.6;2;0.3;0.6;0.1;0.1;1.9;0.5;0.2;0.2;0.3;1.2;2.6
514;Tony Snell;SG;30;NOP;15;18.5;2.2;4.9;1.4;3.5;0.8;1.4;0.1;0.1;2.1;0.5;0.5;0.1;0.5;1.7;5.9
515;Jaden Springer;SG;19;PHI;2;3;0.5;0.5;0;0;0.5;0.5;0;0;1;0;0;1;0.5;0;1
516;Cassius Stanley;SG;22;DET;9;17.2;2.1;5.1;0.4;1.9;1.7;3.2;1.1;1.1;2.1;0.4;0.6;0.2;0.7;1.9;5.8
517;Nik Stauskas;SG;28;TOT;8;4.9;0.6;1.8;0.5;1.3;0.1;0.5;0.5;0.8;0.4;0.3;0;0;0.1;0.1;2.3
517;Nik Stauskas;SG;28;MIA;2;12;1.5;4;1;2;0.5;2;1.5;2;1.5;0.5;0;0;0;0.5;5.5
517;Nik Stauskas;SG;28;BOS;6;2.5;0.3;1;0.3;1;0;0;0.2;0.3;0;0.2;0;0;0.2;0;1.2
518;Lance Stephenson;SG-SF;31;TOT;46;17.7;3.2;7;0.6;2;2.6;5.1;1.4;1.7;2.8;3.6;0.5;0.1;1.6;2.1;8.3
518;Lance Stephenson;SF;31;ATL;6;11.7;0.8;2.2;0;0.5;0.8;1.7;0.2;0.3;2.5;1.8;0;0;0.7;1.3;1.8
518;Lance Stephenson;SG;31;IND;40;18.6;3.6;7.8;0.7;2.2;2.9;5.6;1.6;2;2.8;3.9;0.6;0.1;1.7;2.2;9.3
519;Lamar Stevens;PF;24;CLE;63;16.1;2.5;5.1;0.3;1;2.2;4;0.8;1.2;2.6;0.7;0.5;0.3;0.7;1.7;6.1
520;Isaiah Stewart;C;20;DET;71;25.6;3.5;6.9;0.2;0.6;3.3;6.3;1;1.5;8.7;1.2;0.3;1.1;1.2;3;8.3
521;Max Strus;SF;25;MIA;68;23.3;3.7;8.3;2.7;6.5;1;1.8;0.6;0.8;3;1.4;0.4;0.2;0.8;1.7;10.6
522;Jalen Suggs;PG;20;ORL;48;27.2;4.1;11.4;0.9;4.1;3.3;7.3;2.6;3.4;3.6;4.4;1.2;0.4;3;3;11.8
523;Craig Sword;SG;28;WAS;3;6.3;1;1.3;0;0.3;1;1;0;0;0;0.3;1.3;0;0.3;2.3;2
524;Keifer Sykes;PG;28;IND;32;17.7;2.2;5.9;0.8;2.8;1.3;3.1;0.5;0.5;1.4;1.9;0.4;0.1;1;1.6;5.6
525;Jae'Sean Tate;SF;26;HOU;78;26.4;4.7;9.3;0.8;2.6;3.8;6.8;1.7;2.4;5.4;2.8;0.9;0.5;1.8;3.7;11.8
526;Jayson Tatum;SF;23;BOS;76;35.9;9.3;20.6;3;8.6;6.3;12;5.3;6.2;8;4.4;1;0.6;2.9;2.3;26.9
527;Terry Taylor;SG;22;IND;33;21.6;4.1;6.7;0.4;1.2;3.7;5.5;1.1;1.5;5.2;1.2;0.4;0.2;0.7;1.8;9.6
528;Garrett Temple;SG;35;NOP;59;18.6;1.9;5;1;3.1;0.9;1.9;0.5;0.7;2.4;1.3;0.7;0.4;0.7;1.4;5.2
529;Emanuel Terry;PF;25;PHO;3;6;0;1.7;0;0;0;1.7;0;0;5;0.7;0.3;0;1.7;1.3;0
530;Tyrell Terry;PG;21;MEM;2;1.5;0.5;0.5;0;0;0.5;0.5;0;0;0;0;0;0;0;0.5;1
531;Jon Teske;C;24;MEM;3;2.7;0;0.3;0;0;0;0.3;0;0.7;0.7;0.3;0.3;0;0;0.3;0
532;Daniel Theis;C;29;TOT;47;20.8;3.2;6.2;0.7;2.3;2.5;3.9;1;1.5;4.9;0.9;0.4;0.7;1;2.4;8.2
532;Daniel Theis;C;29;HOU;26;22.5;3.2;6.9;0.9;3;2.3;3.8;1;1.5;5;0.8;0.4;0.7;1.2;2.4;8.4
532;Daniel Theis;C;29;BOS;21;18.7;3.2;5.3;0.5;1.3;2.7;4;1;1.5;4.7;1;0.4;0.7;0.7;2.3;7.9
533;Brodric Thomas;SG;25;BOS;12;5;0.7;1.5;0.2;0.8;0.5;0.8;0.3;0.4;0.8;0.9;0.1;0.1;0.5;0.6;1.8
534;Cam Thomas;SG;20;BRK;67;17.6;3.3;7.5;0.7;2.6;2.6;4.9;1.3;1.6;2.4;1.2;0.5;0.1;0.8;1;8.5
535;Isaiah Thomas;PG;32;TOT;22;15.1;3;7.6;1.3;3.8;1.8;3.8;1;1.2;1.3;1.5;0.3;0.2;0.7;1.5;8.4
535;Isaiah Thomas;PG;32;LAL;4;25.3;3;9.8;1.3;5.5;1.8;4.3;2;2.8;2;1.5;0;0.5;1.3;3;9.3
535;Isaiah Thomas;PG;32;DAL;1;13;3;8;0;3;3;5;0;0;0;4;0;0;0;0;6
535;Isaiah Thomas;PG;32;CHO;17;12.9;3.1;7.1;1.4;3.4;1.7;3.6;0.8;0.9;1.2;1.4;0.4;0.2;0.6;1.3;8.3
536;Matt Thomas;SG;27;CHI;40;11.5;1.4;3.4;0.9;2.3;0.5;1.1;0.4;0.5;1.3;0.5;0.2;0.1;0.2;0.5;4
537;Klay Thompson;SG;31;GSW;32;29.4;7.7;17.9;3.6;9.3;4.1;8.7;1.4;1.6;3.9;2.8;0.5;0.5;1.3;1.7;20.4
538;Tristan Thompson;PF;30;TOT;57;15.7;2.5;4.7;0;0.1;2.5;4.6;1.1;2;5.1;0.6;0.4;0.4;0.8;1.7;6
538;Tristan Thompson;PF;30;SAC;30;15.2;2.5;5;0;0;2.5;5;1.1;2;5.4;0.6;0.4;0.4;1;1.7;6.2
538;Tristan Thompson;PF;30;IND;4;16.5;3.3;6;0;0;3.3;6;0.8;2;4.5;0.5;0;0.5;1;1.8;7.3
538;Tristan Thompson;PF;30;CHI;23;16.3;2.3;4;0;0.1;2.3;3.9;1.1;2.1;4.7;0.6;0.5;0.3;0.5;1.7;5.7
539;JT Thor;PF;19;CHO;33;7.9;0.7;1.7;0.2;0.8;0.5;0.8;0.4;0.6;1.3;0.6;0.2;0.3;0.3;0.8;2
540;Matisse Thybulle;SG;24;PHI;66;25.5;2.3;4.5;0.7;2.2;1.6;2.4;0.5;0.7;2.3;1.1;1.7;1.1;0.6;2.4;5.7
541;Killian Tillie;C;23;MEM;36;12.8;1.2;3.5;0.8;2.4;0.4;1.1;0.1;0.2;1.7;0.6;0.6;0.4;0.4;1.6;3.3
542;Xavier Tillman Sr.;PF;23;MEM;53;13.2;1.8;4.1;0.2;0.9;1.7;3.2;0.9;1.3;3;1.2;0.9;0.3;0.6;1.2;4.8
543;Isaiah Todd;PF;20;WAS;12;6.2;0.6;2.2;0.3;1.3;0.3;0.8;0.2;0.5;1;0.3;0.3;0.2;0.3;0.3;1.7
544;Obi Toppin;PF;23;NYK;72;17.1;3.5;6.6;0.7;2.3;2.8;4.2;1.3;1.7;3.7;1.1;0.3;0.5;0.8;1.4;9
545;Juan Toscano-Anderson;SF;28;GSW;73;13.6;1.6;3.2;0.4;1.2;1.2;2;0.5;1;2.4;1.7;0.7;0.2;0.9;1.6;4.1
546;Karl-Anthony Towns;C;26;MIN;74;33.5;8.7;16.4;2;4.9;6.6;11.5;5.2;6.3;9.8;3.6;1;1.1;3.1;3.6;24.6
547;Gary Trent Jr.;SG;23;TOR;70;35;6.4;15.5;3;7.8;3.4;7.7;2.5;2.9;2.7;2;1.7;0.3;1;2.1;18.3
548;P.J. Tucker;PF;36;MIA;71;27.9;2.9;6;1.1;2.7;1.8;3.3;0.6;0.9;5.5;2.1;0.8;0.2;0.9;2.3;7.6
549;Rayjon Tucker;SG;24;TOT;5;14.2;1.2;1.8;0.8;1;0.4;0.8;1;1.4;1.6;2;0.8;0;0.2;1;4.2
549;Rayjon Tucker;SG;24;DEN;3;9.7;0.3;0.7;0.3;0.7;0;0;1;1.3;1.3;1.3;0.3;0;0;1;2
549;Rayjon Tucker;SG;24;MIL;2;21;2.5;3.5;1.5;1.5;1;2;1;1.5;2;3;1.5;0;0.5;1;7.5
550;Myles Turner;C;25;IND;42;29.4;4.8;9.4;1.5;4.4;3.3;5;1.9;2.5;7.1;1;0.7;2.8;1.3;2.8;12.9
551;Jonas Valan?i?nas;C;29;NOP;74;30.3;6.9;12.7;0.8;2.1;6.1;10.5;3.2;3.9;11.4;2.6;0.6;0.8;2.4;3.3;17.8
552;Denzel Valentine;SG;28;TOT;24;9.3;1;2.8;0.8;2;0.3;0.8;0;0;1.8;0.5;0.3;0;0.5;0.8;2.9
552;Denzel Valentine;SG;28;CLE;22;9.3;1;2.8;0.8;2;0.2;0.8;0;0;1.7;0.5;0.3;0;0.5;0.8;2.9
552;Denzel Valentine;SG;28;UTA;2;9;1;2;0.5;1.5;0.5;0.5;0;0;2;0;0.5;0;1;1.5;2.5
553;Jarred Vanderbilt;PF;22;MIN;74;25.4;2.9;4.9;0;0.2;2.8;4.7;1.2;1.8;8.4;1.3;1.3;0.6;1;2.4;6.9
554;Fred VanVleet;PG;27;TOR;65;37.9;6.8;16.9;3.7;9.9;3.1;7;3;3.4;4.4;6.7;1.7;0.5;2.6;2.5;20.3
555;Devin Vassell;SF;21;SAS;71;27.3;4.6;10.8;1.9;5.4;2.7;5.4;1.2;1.4;4.3;1.9;1.1;0.6;0.8;2;12.3
556;Gabe Vincent;PG;25;MIA;68;23.4;3.1;7.5;1.8;4.8;1.4;2.8;0.6;0.8;1.9;3.1;0.9;0.2;1.4;2.3;8.7
557;Nikola Vu?evi?;C;31;CHI;73;33.1;7.5;15.8;1.4;4.5;6.1;11.3;1.3;1.7;11;3.2;1;1;1.9;2.5;17.6
558;Dean Wade;PF;25;CLE;51;19.2;1.9;4.3;1;2.8;0.9;1.5;0.4;0.6;2.9;1;0.6;0.1;0.3;1.7;5.3
559;Franz Wagner;SF;20;ORL;79;30.7;5.8;12.3;1.2;3.4;4.6;8.9;2.4;2.8;4.5;2.9;0.9;0.4;1.5;2.1;15.2
560;Moritz Wagner;C;24;ORL;63;15.2;3.1;6.3;1;3.2;2.1;3.1;1.7;2;3.7;1.4;0.3;0.2;0.9;2;9
561;Ish Wainright;PF;27;PHO;45;8;0.9;2.3;0.4;1.3;0.5;1;0.2;0.3;1.2;0.3;0.4;0.1;0.3;1.1;2.4
562;Kemba Walker;PG;31;NYK;37;25.6;4;10;2;5.4;2.1;4.6;1.6;1.9;3;3.5;0.7;0.2;1.3;1;11.6
563;Lonnie Walker IV;SG;23;SAS;70;23;4.4;10.9;1.6;5;2.9;5.9;1.7;2.1;2.6;2.2;0.6;0.3;1;1.4;12.1
564;M.J. Walker;SG;23;PHO;2;4;0;2;0;1;0;1;0;0;0.5;0.5;1;0;0;0.5;0
565;Tyrone Wallace;SG;27;NOP;6;12.5;1.2;3.3;0.3;1.3;0.8;2;0.2;0.8;1.3;0.2;0.5;0.2;0.3;1.2;2.8
566;Derrick Walton;PG;26;DET;3;36;2;8.7;1;4.3;1;4.3;1.3;1.3;3.3;7;2.3;1.3;3.7;2.7;6.3
567;Brad Wanamaker;PG;32;TOT;23;13.9;1.2;3.3;0.2;0.7;1;2.6;1;1.1;1.7;2.4;0.3;0.3;1;2;3.6
567;Brad Wanamaker;PG;32;IND;22;13.3;1.2;3.3;0.2;0.8;1;2.5;0.9;1;1.6;2.2;0.2;0.3;1;1.9;3.5
567;Brad Wanamaker;PG;32;WAS;1;27;2;5;0;0;2;5;3;3;4;7;2;0;0;3;7
568;Duane Washington Jr.;PG;21;IND;48;20.2;3.6;8.9;1.7;4.5;1.9;4.4;1;1.3;1.7;1.8;0.5;0.1;1.2;1.4;9.9
569;P.J. Washington;PF;23;CHO;65;27.2;3.8;8.2;1.7;4.6;2.2;3.6;0.9;1.2;5.2;2.3;0.9;0.9;1.3;2.3;10.3
570;Yuta Watanabe;SF;27;TOR;38;11.7;1.5;3.6;0.7;2.1;0.8;1.6;0.6;1.1;2.4;0.6;0.3;0.4;0.5;1;4.3
571;Lindy Waters III;SG;24;OKC;25;18.6;2.8;7;2.1;5.8;0.7;1.2;0.2;0.2;2.9;1;0.8;0.3;0.4;1.2;8
572;Tremont Waters;PG;24;TOT;3;16.7;1.3;4.7;0.7;3;0.7;1.7;0;0;1.3;2.3;1.7;0;1.3;1.3;3.3
572;Tremont Waters;PG;24;TOR;2;21;1.5;6;1;4.5;0.5;1.5;0;0;2;3.5;2;0;2;1;4
572;Tremont Waters;PG;24;WAS;1;8;1;2;0;0;1;2;0;0;0;0;1;0;0;2;2
573;Trendon Watford;SF;21;POR;48;18.1;3;5.6;0.2;0.8;2.8;4.8;1.5;2;4.1;1.7;0.5;0.6;0.9;2.4;7.6
574;Paul Watson;SF;27;OKC;9;17.3;1.3;3.9;0.7;2.9;0.7;1;0.1;0.2;3;0.9;0.3;0.3;0.4;1.1;3.4
575;Quinndary Weatherspoon;SG;25;GSW;11;6.6;1.1;1.9;0.1;0.5;1;1.5;0.5;0.5;1.3;0.5;0.1;0.1;0.3;1.4;2.7
576;Russell Westbrook;PG;33;LAL;78;34.3;7;15.8;1;3.4;6;12.4;3.4;5.1;7.4;7.1;1;0.3;3.8;3;18.5
577;Coby White;PG;21;CHI;61;27.5;4.6;10.6;2.2;5.8;2.3;4.8;1.3;1.5;3;2.9;0.5;0.2;1.1;2.2;12.7
578;Derrick White;SG;27;TOT;75;29.3;4.5;10.7;1.5;4.9;3;5.7;2.7;3.1;3.5;4.9;0.9;0.8;1.6;2.3;13.2
578;Derrick White;SG;27;SAS;49;30.3;5;11.6;1.7;5.3;3.3;6.4;2.8;3.3;3.5;5.6;1;0.9;1.8;2.4;14.4
578;Derrick White;SG;27;BOS;26;27.4;3.6;8.8;1.3;4.3;2.3;4.6;2.5;2.9;3.4;3.5;0.6;0.6;1.2;2.2;11
579;Hassan Whiteside;C;32;UTA;65;17.9;3.3;5.1;0;0;3.3;5.1;1.6;2.6;7.6;0.4;0.3;1.6;0.8;2.8;8.2
580;Joe Wieskamp;SG;22;SAS;29;7.1;0.7;1.9;0.5;1.5;0.2;0.4;0.2;0.4;0.5;0.3;0.1;0.1;0.1;0.5;2.1
581;Aaron Wiggins;SG;23;OKC;50;24.2;3.1;6.7;0.8;2.8;2.3;4;1.2;1.7;3.6;1.4;0.6;0.2;1.1;1.9;8.3
582;Andrew Wiggins;SF;26;GSW;73;31.9;6.5;14;2.2;5.5;4.4;8.5;2;3.2;4.5;2.2;1;0.7;1.5;2.2;17.2
583;Lindell Wigginton;PG;23;MIL;19;10.5;1.4;3.2;0.5;1.4;0.9;1.8;1;1.8;1.3;1.2;0.3;0.1;0.6;0.9;4.2
584;Brandon Williams;PG;22;POR;24;26.7;4.4;11.8;1.3;4.4;3.1;7.3;2.8;4;3.1;3.9;1;0.4;2.4;2.2;12.9
585;Grant Williams;PF;23;BOS;77;24.4;2.7;5.6;1.4;3.4;1.3;2.3;1.1;1.2;3.6;1;0.5;0.7;0.8;2.4;7.8
586;Kenrich Williams;SF;27;OKC;49;21.9;3;6.5;0.8;2.5;2.1;4;0.6;1.1;4.5;2.2;0.9;0.2;0.9;1.7;7.4
587;Lou Williams;PG;35;ATL;56;14.3;2.2;5.7;0.7;1.8;1.6;3.9;1.2;1.4;1.6;1.9;0.5;0.1;0.8;0.9;6.3
588;Patrick Williams;PF;20;CHI;17;24.8;3.2;6;0.9;1.7;2.3;4.3;1.8;2.4;4.1;0.9;0.5;0.5;0.9;1.6;9
589;Robert Williams;C;24;BOS;61;29.6;4.4;6;0;0;4.4;6;1.1;1.5;9.6;2;0.9;2.2;1;2.2;10
590;Ziaire Williams;SF;20;MEM;62;21.7;3.1;6.8;1.2;3.9;1.9;2.9;0.7;0.9;2.1;1;0.6;0.2;0.7;1.8;8.1
591;D.J. Wilson;PF;25;TOR;4;13.5;2.8;3.8;0;0.5;2.8;3.3;2;2.5;4;1.3;1.3;0.3;0.5;1.5;7.5
592;Dylan Windler;SF;25;CLE;50;9.2;0.7;2;0.4;1.4;0.3;0.6;0.3;0.4;1.8;0.7;0.3;0.1;0.3;0.9;2.2
593;Justise Winslow;SF;25;TOT;48;16.1;2.3;5.4;0.3;1.4;2;4;0.8;1.4;4.2;1.8;0.7;0.5;1;1.4;5.7
593;Justise Winslow;SF;25;LAC;37;12.9;1.7;3.8;0.1;0.8;1.6;3;0.7;1.1;3.6;1.4;0.6;0.5;1;1.2;4.2
593;Justise Winslow;SF;25;POR;11;26.8;4.3;10.5;0.9;3.4;3.4;7.2;1.3;2.3;6.3;2.9;1.3;0.6;1.1;1.9;10.7
594;Cassius Winston;PG;23;WAS;7;5.6;0.6;1.6;0.3;0.9;0.3;0.7;0.6;0.6;0.1;1;0;0;0.4;1.3;2
595;Christian Wood;C;26;HOU;68;30.8;6.5;12.9;1.9;4.9;4.5;8;3;4.9;10.1;2.3;0.8;1;1.9;2.5;17.9
596;Robert Woodard II;SF;22;SAC;12;3.5;0.2;1.3;0.1;0.3;0.1;1;0.2;0.2;0.9;0.3;0.1;0.1;0.1;0.3;0.6
597;Delon Wright;SG;29;ATL;77;18.9;1.6;3.5;0.6;1.5;1;2;0.7;0.8;2.9;2.4;1.2;0.2;0.6;0.7;4.4
598;McKinley Wright IV;PG;23;MIN;5;3.8;0.4;0.6;0.2;0.4;0.2;0.2;0;0;0;0.6;0;0;0.2;0.2;1
599;Moses Wright;PF;23;TOT;4;3.5;0.3;1;0;0.3;0.3;0.8;0.8;0.8;0.8;0.5;0;0.3;0;0;1.3
599;Moses Wright;PF;23;LAC;1;1;0;0;0;0;0;0;0;0;0;1;0;0;0;0;0
599;Moses Wright;PF;23;DAL;3;4.3;0.3;1.3;0;0.3;0.3;1;1;1;1;0.3;0;0.3;0;0;1.7
600;Gabe York;SG;28;IND;2;10.5;1;3.5;0.5;3;0.5;0.5;1.5;2.5;1;2;1;0.5;0.5;2;4
601;Thaddeus Young;PF;33;TOT;52;16.3;2.7;5.2;0.3;0.9;2.4;4.3;0.4;0.9;4;2;1;0.3;1;1.6;6.2
601;Thaddeus Young;PF;33;SAS;26;14.2;2.8;4.9;0;0.2;2.8;4.7;0.4;0.8;3.6;2.3;0.9;0.3;1.2;1.5;6.1
601;Thaddeus Young;PF;33;TOR;26;18.3;2.6;5.5;0.7;1.7;1.9;3.9;0.5;1;4.4;1.7;1.2;0.4;0.8;1.7;6.3
602;Trae Young;PG;23;ATL;76;34.9;9.4;20.3;3.1;8;6.3;12.3;6.6;7.3;3.7;9.7;0.9;0.1;4;1.7;28.4
603;Omer Yurtseven;C;23;MIA;56;12.6;2.3;4.4;0;0.2;2.3;4.2;0.7;1.1;5.3;0.9;0.3;0.4;0.7;1.5;5.3
604;Cody Zeller;C;29;POR;27;13.1;1.9;3.3;0;0.1;1.9;3.2;1.4;1.8;4.6;0.8;0.3;0.2;0.7;2.1;5.2
605;Ivica Zubac;C;24;LAC;76;24.4;4.1;6.5;0;0;4.1;6.5;2.2;3;8.5;1.6;0.5;1;1.5;2.7;10.3
